regime,seed,event_rank,event_epoch,event_score,takeover_epoch,event_selfrep_index,event_tape_hex,slot_match_count,focal_slot,partner_slot,focal_role,a_first,focal_before_hex,focal_before_strip,partner_hex,partner_strip,focal_after_hex,focal_after_strip,replay_termination_reason,replay_steps,replay_exact,partner_static_proto_loop_count,partner_static_proto_loop_present,first_proto_found,first_proto_step,first_proto_open_side,first_proto_close_side,first_proto_ops,first_proto_dh0,first_proto_dh1,first_proto_span_changed,loops_before_first_proto,nonproto_before_first_proto,dynamic_class
N,5,1,754,63.0,,0,809aaa5bf8cb3c7d5082effd2c03a0e85df6471f5534344655cb1f9a478df6d95dd9f68d479a1fcb55463434551f47f65de8a0032cfdef82507d3ccbf85baa9a,1,35720,,p2,0,5dcfd9cff6cf8dcf47cf9acf1fcfcbcf55cf46cf34cfffcfe4cf19cf69cfb7cf98cf0ccf52cf22cf75cf16cfe2cf37cfcacfb5cf05cf2fcf20cfedcff9cf9357,],808b9be79ab77cdcaaac251b5b418ef3f8997ef6cbfe66393c4ef87c7deb0329507aea8582eae680ef1491d8fdc97d3a2c0c121803155170a073e109e88c9e70,"[<}},",809aaa5bf8cb3c7d5082effd2c03a0e85df6471f5534344655cb1f9a478df6d95dd9f68d479a1fcb55463434551f47f65de8a0032cfdef82507d3ccbf85baa9a,"[<},]]],}<[",step_cap,8192,1,0,0,1,65,partner,focal,"<}},",-1,2,0,0,0,CROSS_TAPE_FOCAL_CLOSE
N,5,2,1400,63.0,,0,5e5f8ea628ef80a6517e0c5bfc092e2cff7ba1e716bf08353e9ff5c9afc75d4b4b5dc7afc9f59f3e3508bf16e7a17bff2c2e09fc5b0c7e51a680ef28a68e5f5e,1,69252,,p2,0,5d5e8da527ee7fa5507d0b5afb082d2bfe7aa0e615be07343d9ef4c8aec65c4a0c54a8374719fa5616d3bbb16a2d3f0c226a1faf50614f83ae83a8eb5160f5fb,]}-+-,09adea201affa326d670e50f5a6316c17cd15ce004a06d68ee843cc9bc6d0a9fd558b12ce3d540c112e7def1cd0934061b3c32e42af45be04f380a2bd7be3c82,"<,<[+<",5e5f8ea628ef80a6517e0c5bfc092e2cff7ba1e716bf08353e9ff5c9afc75d4b4b5dc7afc9f59f3e3508bf16e7a17bff2c2e09fc5b0c7e51a680ef28a68e5f5e,"[.,{>]]>{,.[",step_cap,8192,1,0,0,0,,,,,,,,,,NO_PROTO_FOUND
N,10,1,20,62.0,,0,8d7c983abe5b7dac21b9c2a32cc31c493c8c5e61faeb88ebdafa9861785e918c5d5d8c915e786198fadaeb88ebfa615e8c3c491cc32ca3c2b921ac7d5bbe3a98,1,32711,,p2,0,ea5df48c8d91465e3478cf61d198d6fac0da7beb9488fe0fc4822d9e9e31a3d86845c37356d84999ac6e849fd45a72ad4a9a266d5b78cfc9feb777ca5711218f,]{-[,f38dff7cfea79698f041763ae29740befb0fbe5b90bcef7d45ecfeac35224d21656875b9b2aea9c2778e4ca318d48e2c1d373bc3de7d3d1ca228b949a7c54a3c,"[},}<",8d7c983abe5b7dac21b9c2a32cc31c493c8c5e61faeb88ebdafa9861785e918c5d5d8c915e786198fadaeb88ebfa615e8c3c491cc32ca3c2b921ac7d5bbe3a98,"[},<]]<,}[",step_cap,8192,1,0,0,1,66,partner,focal,"},}<",-1,2,0,0,0,CROSS_TAPE_FOCAL_CLOSE
N,10,2,1528,63.0,,0,b67e6af3395b2e7bd3e90fd30e4b9e3e5dfefefefefefefefefefefefefefefe5d5dfefefefefefefefefefefefefefefe5d3e9e4b0ed30fe9d37b2e5b39f36a,1,68219,,p2,0,5d33fefefefefefefefefefefefefefefefefefefefefefefefefefefefefefefefefefefefefefefefefefefefefefefefefefefefefefefefefefefefefe7d,]},b6f756b27ebfc1d76af4d1baf3a56f2139d3e6335b80d7cb2e165e777b23c0e2d3e26971e927c04b0f373916d39140fe0ebe61ae4bc841279e53c7d43e3ea117,[.{>>,b67e6af3395b2e7bd3e90fd30e4b9e3e5dfefefefefefefefefefefefefefefe5d5dfefefefefefefefefefefefefefefe5d3e9e4b0ed30fe9d37b2e5b39f36a,[.{>]]]]>{.[,step_cap,8192,1,0,0,1,65,partner,focal,.{>>,2,-1,0,0,0,CROSS_TAPE_FOCAL_CLOSE
N,14,1,54,64.0,,0,5b9c229811bd5987b9aaee7fdaa0147b746259a4d12ed524dc099acc3e085d5d083ecc9a09dc24d52ed1a45962747b14a0da7feeaab98759bd1198229c5ba7a7,1,36107,,p2,0,5d9d239912be5a88baabef80dba1157c75635aa5d22fd625dd0a9bcd3f095e945f3aabd938da6dd43be26c70701f4a35d52de505e8568673da46e0a6d489ebef,]-,d9c58afcb215e05134df3ac5b0e7c171ba97ad578e185bae0e23037754ea8f2d145e84851352bf24f78463ef6ec63425f277b823eb0cc4a13c62f5844ad3ffa7,[-<,5b9c229811bd5987b9aaee7fdaa0147b746259a4d12ed524dc099acc3e085d5d083ecc9a09dc24d52ed1a45962747b14a0da7feeaab98759bd1198229c5ba7a7,[{.>]]>.{[,step_cap,8192,1,0,0,0,,,,,,,,,,NO_PROTO_FOUND
N,14,2,1052,64.0,,0,553ac95b2491273cfe892a432c7d1d5d1718181818181818181818181818170e5d5d0e1718181818181818181818181818175d1d7d2c432a89fe3c2791245bc9,1,19105,,p2,0,0e161718181818181818181818181818181818181818181818181818181818181818181818181818181818181818181818181818181818181818181818193445,,c74455349d9d3a41c89ec91ff6345b55183b2492ac9091c3dbf227de72733cb12a7afe916c79895cd11d2a81369c43c00f4b2c237d107dbb8f1e1d64f1e05d8c,"[<,}}]",553ac95b2491273cfe892a432c7d1d5d1718181818181818181818181818170e5d5d0e1718181818181818181818181818175d1d7d2c432a89fe3c2791245bc9,"[<,}]]]]},<[",step_cap,8192,1,1,1,1,63,partner,partner,"<,}}",-1,2,0,0,0,PARTNER_COMPLETE_LOOP
N,17,1,652,64.0,,0,5b617be1d426a9f96e932eeca9a43e5dd380dff8fe6667cafe2d8efe480848fe8e2dfeca6766fef8df80d35d3ea4a9ec2e936ef9a926d4e17b615b377075371e,1,116556,,p2,0,5d627ce2d527aafa6f942fedaaa53f5ed481e0f9ff6768cbff2e8fff49099a0d8192d6b82cbb17dfa7b1cae5fd4f245898192dffe0356966e28da94b7176151f,"].,-",837dec18c736d372054343d4f8274940151bf8eafa2cdd3fa84ae218f05b2d7b8144da3f3b88ca7e56eb0db53c74c5e353f856ddf5c42f7b788a0da78debe837,"},[-{<{",5b617be1d426a9f96e932eeca9a43e5dd380dff8fe6667cafe2d8efe480848fe8e2dfeca6766fef8df80d35d3ea4a9ec2e936ef9a926d4e17b615b377075371e,[{.>]--]>.{[,step_cap,8192,1,0,0,0,,,,,,,,,,NO_PROTO_FOUND
N,17,2,1049,63.0,,0,9905a45bd4fdd94e6a7dda9b3c52692c5db7b7b7b7b7b7b7b7b7b7b7b7b7b7275d27b7b7b7b7b7b7b7b7b7b7b7b7b7b75d2c69523c9bda7d6a4ed9fdd45ba405,1,19575,,p2,0,5d5f27b7b7b7b7b7b7b7b7b7b7b7b7b7b7b7b7b7b7b7b7b7b7b7b7b7b7b7b7b7b7b7b7b7b7b7b7b7b7b7b7b7b7b7b7b7b7b7b7b7b7b7b7b7b7b7b7b7b7b74989,],99105c2505e59192a44268435bf89160d43ba975fd092050d9e8a0af4ef57d476a101c207d251c54da86bfa19b0bdbb33cd7ee4852ef74f969ec39d42ce95683,"[}}<,",9905a45bd4fdd94e6a7dda9b3c52692c5db7b7b7b7b7b7b7b7b7b7b7b7b7b7275d27b7b7b7b7b7b7b7b7b7b7b7b7b7b75d2c69523c9bda7d6a4ed9fdd45ba405,"[}<,]]],<}[",step_cap,8192,1,0,0,1,65,partner,focal,"}}<,",-1,2,0,0,0,CROSS_TAPE_FOCAL_CLOSE
N,18,1,169,63.0,,0,485b64bf262c1b4d6a0c3c7d299aded02c1fabfdf3efef3af391fd12ab341f5d1f34ab12fd91f33aefeff3fdab1f2cd0de9a297d3c0c6a4d1b2c26bf645b4898,1,3449,,p2,0,2c5c5d7c1fb334ceabec12bdfdbf9191f3333ad3ef55251ed10a900988ea9138a05aa1b5c28aee720785080b00d03804354d382b6bd46fd3f87f9187f28f128f,",]0+",7feb98e748b85b0464d24095bfc5e471261f75932c992fd01b6446af4db163306a70f63b0cc3ff713c6bdb4e7dd4639029462b779ac76e84de7db525d0527a68,"[,<}+}",485b64bf262c1b4d6a0c3c7d299aded02c1fabfdf3efef3af391fd12ab341f5d1f34ab12fd91f33aefeff3fdab1f2cd0de9a297d3c0c6a4d1b2c26bf645b4898,"[,<},],}<,[",step_cap,8192,1,0,0,0,,,,,,,,,,NO_PROTO_FOUND
N,18,2,933,62.0,,0,8a8ab45acbcf5b3e01141d2e987b4e85044aa54fc51616161699c5694f9fa5844a5d4a84a59f4f69c59916161616c54fa54a04854e7b982e1d14013e5bcfcb5a,1,114228,,p2,0,5d614a1d84aea5699fa74fc06920c5eb99ca169416a2168d16d716a7160c16fb1604161416371619161b166f16a016a216a816a01648168f16801646165268c4,],c8f68a751b27b48550065ad0c74bcbc429c5cf7651365bc809663e3e1e10011f30b014d8b5dc1d744f662e241025982a65287badeb974ed3df55854ff62604a2,[>>.{,8a8ab45acbcf5b3e01141d2e987b4e85044aa54fc51616161699c5694f9fa5844a5d4a84a59f4f69c59916161616c54fa54a04854e7b982e1d14013e5bcfcb5a,[>.{]{.>[,step_cap,8192,1,0,0,1,65,partner,focal,>>.{,2,-1,0,0,0,CROSS_TAPE_FOCAL_CLOSE
N,23,1,145,63.0,,0,54f03c5b5a7d66989c0f1c2b2c17883c885d89a098cece309894a039897a5f7a8939a0949830cece98a0895d883c88172c2b1c0f9c98667d5a5b3cf054b272a4,1,93835,,p2,0,8810a24c5d6d7a9b89bc39c2a014946e982b30b3ce7e86d52079d423531192a46794c75f344532f5d4bc4fd030a5a7ed2fc5cba48fe3403e1a8ec5365d5a1fd2,]+>],8aa2a4c17224b22154f3f0ae3c295b6f5a280d5e7d63e1bb66554b399806a3639c917d0d0f1e52211cbfb2562b8947ad2cf1ef7917a833e48840aeda3c9a5e9a,"<[}}+,<",54f03c5b5a7d66989c0f1c2b2c17883c885d89a098cece309894a039897a5f7a8939a0949830cece98a0895d883c88172c2b1c0f9c98667d5a5b3cf054b272a4,"<[}+,<]]<,+}[<",step_cap,8192,1,0,0,0,,,,,,,,,,NO_PROTO_FOUND
N,23,2,1491,63.0,,0,dee55b8710763c7dd52cb99c4961fac15d4b0e2d38c6c6c638382d410e0e4bd15dd14b0e0e412d3838c6c6c6382d0e4b5dc1fa61499cb92cd57d3c7610875be5,1,96691,,p2,0,5d86d14b4b620e0e0e8b41412d2d383838a5c6c6c6323131313131313131313131313131313131313131313131313131313131313131313131313131333351fb,]--,de86b047e51192f25b14010887cd9082105271f176b07dff3c8560cf7dfaeb4dd510f8502c77d525b996d3f29ccc118d498557d161f81712fa931461c1e3a171,"[}<},",dee55b8710763c7dd52cb99c4961fac15d4b0e2d38c6c6c638382d410e0e4bd15dd14b0e0e412d3838c6c6c6382d0e4b5dc1fa61499cb92cd57d3c7610875be5,"[<},]--]--],}<[",step_cap,8192,1,0,0,1,65,partner,focal,"}<},",-1,2,0,0,0,CROSS_TAPE_FOCAL_CLOSE
N,26,1,255,63.0,,0,4e5734875b7b44322faa3e51bc2e8cb05dd0521dc02a2ae3c0781de65278d03d5d3dd07852e61d78c0e32a2ac01d52d05db08c2ebc513eaa2f32447b5b873457,1,62647,,p2,0,5d3b3d28d0bb78c052ace6421d3178d9c0e4e3502ab6377e674cedecf1afb6d2b25e4144e5fa1bc802e8b279607c071e968c14544153c3e419addf9f3f11cc91,],4eb3df31571843fa34ea5ec68733de565b55f8377ba90f524473e536328624132f3b08ceaa3ef7953e140db051d570fabc22161e2eaa25468c368691b01cc9e2,[{>>.,4e5734875b7b44322faa3e51bc2e8cb05dd0521dc02a2ae3c0781de65278d03d5d3dd07852e61d78c0e32a2ac01d52d05db08c2ebc513eaa2f32447b5b873457,[{>.]]].>{[,step_cap,8192,1,0,0,1,65,partner,focal,{>>.,2,-1,0,0,0,CROSS_TAPE_FOCAL_CLOSE
N,26,2,369,63.0,,0,634bb5cabdc11e5b2e58e1ad4ba8908c3ef9e0f2c3bdbd7cc3bff26ae07bf95d5df97be06af2bfc37cbdbdc3f2e0f93e8c90a84bade1582e5b1ec1bdcab54b63,1,106417,,p2,0,3e3e5dc5f9b37b12e0f46a37f288bfe2c3937c9dbd9786f618ffcce75086f82d0ec0a423aa824288bda9a986e10aa466a184566007c56354a62cd550150f100e,">>]{-,",74e2636b4b237161b5786277ca332378bde49916c1fb19991e0eafde5bc6e88c2ec1f91a58a6838ae17b0c45adcdd4c44b34293aa8338ea690682a228cce64cc,[.{,634bb5cabdc11e5b2e58e1ad4ba8908c3ef9e0f2c3bdbd7cc3bff26ae07bf95d5df97be06af2bfc37cbdbdc3f2e0f93e8c90a84bade1582e5b1ec1bdcab54b63,[.>{]]{>.[,step_cap,8192,1,0,0,1,67,partner,focal,.{>>,2,-1,0,0,0,CROSS_TAPE_FOCAL_CLOSE
N,28,1,282,62.0,,0,6a033eec7a96e643015b0d3bb7a77d3c2cc5d84c65ffff0265884c38d85dd8384c886502ffff654cd8c52c3c7da7b73b0d5b0143e6967aec3e036a9f1ffd6116,1,46167,,p2,0,2cf65529c5065d20d88338644ca788fd656d0298ff7d6ac535117ada28b53d406b80b49d38aed179ebd1395322e2f6b4babff5aae0fd646819fcda8eb8279850,",]}",2ad316c7610ffdf91fae9feb6ae603313e54ecdb7a3c969fe6e2667843e9b13201f680d55b551b350d512a683bfcd2d1b7d4ca96a7784de27db690c73c7db519,><[}<},6a033eec7a96e643015b0d3bb7a77d3c2cc5d84c65ffff0265884c38d85dd8384c886502ffff654cd8c52c3c7da7b73b0d5b0143e6967aec3e036a9f1ffd6116,">[}<,],<}[>",step_cap,8192,1,0,0,1,71,partner,focal,"}<},",-1,2,0,0,0,CROSS_TAPE_FOCAL_CLOSE
N,28,2,935,63.0,,0,755b04e83c7d434a738192c76e2c4f01fa5db365324545d632866519b30b5d1f1f5d0bb319658632d645453265b35dfa014f2c6ec79281734a437d3ce8045b75,1,32040,,p2,0,fa371f705d380b90b3dc195c65cf86d932a0d64b45ec0542cbac9125967c8d8bbb7b311dec458a27bd0b08831cc73b11266c06a4e10857c9b3ea4edcc0787698,]{,e3ec751f5b46aa4904ebe8f87db53c33b57e0b6d7de78e70433bf7934a9fed59734f830a81a9d84592a5ff4bc76e78be6e8eb6e52c82ea6a4f901b1b01f226a0,"[}<},",755b04e83c7d434a738192c76e2c4f01fa5db365324545d632866519b30b5d1f1f5d0bb319658632d645453265b35dfa014f2c6ec79281734a437d3ce8045b75,"[<},]]]],}<[",step_cap,8192,1,0,0,1,69,partner,focal,"}<},",-1,2,0,0,0,CROSS_TAPE_FOCAL_CLOSE
N,30,1,433,62.0,,0,626237609d5f5b22213e922e3afc92117b6e4735964b609a4b5996323591471a6e5d6e1a4791353296594b9a604b9635476e7b1192fc3a2e923e21225b5f9d60,1,85819,,p2,0,5d4d6ec81ad647d0918b357e32cb9616590b4b079a60601b3a7cbeb90b72c211b0f6905c95152b9deb30140e0e9eb8a0813e666aadc2186d6501f47b772ae173,]+>{,e29862959f0e37802ab16078c4759d1bfb2d5f481faa5bec426e223e9d9a21cad9863e4fcdfd9292f8bd2eb35a963a76a7f6fc8e255792f34535116634fc7b87,-[>>.{,626237609d5f5b22213e922e3afc92117b6e4735964b609a4b5996323591471a6e5d6e1a4791353296594b9a604b9635476e7b1192fc3a2e923e21225b5f9d60,[>.{]{.>[,step_cap,8192,1,0,0,1,65,partner,focal,>>.{,2,-1,0,0,0,CROSS_TAPE_FOCAL_CLOSE
N,30,2,1517,62.0,,0,dc76935b5c28d1ba7db1242c3ca242a55d2445f460c5c573606ff417452b24465d46242b4517f46f6073c5c560f445245da542a23c2c24b17dbad1285c5b9376,1,130322,,p2,0,5d5d464e24872b4f4511179ff48b6ff8608973acc51e7176cde1d6d58b7d1ebecd590de751d101b53aa91657e142b6a3f9aa66e0aa75121e2fef8bd56a0e540d,]]+},dc1d46e376023cc793d7b9495bcb91b05c7dc1d628df0868d1fec02fbac222217d243266b15cde4324f2bd812cb94fa23cf5f8f0a27cb44342734e0ca50ab6c1,"<[}},<",dc76935b5c28d1ba7db1242c3ca242a55d2445f460c5c573606ff417452b24465d46242b4517f46f6073c5c560f445245da542a23c2c24b17dbad1285c5b9376,"[},<]+]+]<,}[",step_cap,8192,1,0,0,1,65,partner,focal,"}},<",-1,2,0,0,0,CROSS_TAPE_FOCAL_CLOSE
N,32,1,710,63.0,,0,2f04e05b2e59788b345e3e4dd7b67be55d83878b8f9393918f8d8b89878583815d5d81838587898b8d8f9193938f8b87835de57bb6d74d3e5e348b78592e5be0,1,4511,,p2,0,5d5e8182838485868788898a8b8c8d8e8f909192939495969798999a9b9c9d9e9fa0a1a2a3a4a5a6a7a8a9aaabacadaeafb0b1b2b3b4b5b6b7b8b9babbbcbd94,],2f70c7ee04a0a5c0e06585fe5b86f4b32e9817415920d24378fc4ac18b3eafb8341a070e5e5ffa163e7471ac4da0f350d7beffecb6ab27057bb34ccae5a08bc9,[.>>{,2f04e05b2e59788b345e3e4dd7b67be55d83878b8f9393918f8d8b89878583815d5d81838587898b8d8f9193938f8b87835de57bb6d74d3e5e348b78592e5be0,[.>{]]]]{>.[,step_cap,8192,1,0,0,1,65,partner,focal,.>>{,2,-1,0,0,0,CROSS_TAPE_FOCAL_CLOSE
N,32,2,787,63.0,,0,5c5bda3e2fb1e5347b2e1d368192fb097ce93ace530fc5b2adcb5d0a866ac98787c96a860a5dcbadb2c50f53ce3ae97c09fb9281361d2e7b34e5b12f3eda5b5c,1,36086,,p2,0,3c5ddb3f30b2e6357c2f1e378293fc0a7dea3bcf5410c6b3aecc5e0b876bca886c2df0c2c6f06329dc449cb4b87f2514d492726f012e70bbe2b555a76b60bf4c,<]}-.,5bbff2fc3c3ce0758412709fd1c60b7fd863ed5f04bb978f0fe7916e2e81e3b1c3367a87aa29635b6c974d25c3cff08947362da021d0ba1a053354e68e62119c,[<<.[-,5c5bda3e2fb1e5347b2e1d368192fb097ce93ace530fc5b2adcb5d0a866ac98787c96a860a5dcbadb2c50f53ce3ae97c09fb9281361d2e7b34e5b12f3eda5b5c,[>{.]].{>[,step_cap,8192,1,0,0,0,,,,,,,,,,NO_PROTO_FOUND
N,35,1,1412,63.0,,0,605bb982a6ae2ec95aa9f14c7cd8bf81b23edf76827f179b4a3286707b395da35d397b7086324a9b177f8276df3eb281bfd87c4cf1a95ac92eaea682b95b605f,1,33208,,p2,0,5d57b780a4ac2cc758a7ef4a7ad6bd7fb03cdd74807d15994830846e79375ba1f64edbcbf0db137a11f969fd542b94abb487ae02ab9378d0d02b15be248ce937,"],<}[++",78f4cfe93327f35ba81917a2f0ae98d4b10680aa862f94a4b2596be258460d2e0c2b9a69f82f8bed97300e8b4c9c3ca64e7e80a649fd872e0c4f726fb294682b,[.+<.+,605bb982a6ae2ec95aa9f14c7cd8bf81b23edf76827f179b4a3286707b395da35d397b7086324a9b177f8276df3eb281bfd87c4cf1a95ac92eaea682b95b605f,[.>{]]{>.[,step_cap,8192,1,0,0,0,,,,,,,,,,NO_PROTO_FOUND
N,35,2,1602,63.0,,0,af2048691e403a5b88887f951e2c3c7d5d7a58179d1c1c029d6e179458de7af45d5df47ade5894176e9d021c1c9d17587a5d7d3c2c1e957f88885b3a401e6948,1,44306,,p2,0,5dfef4fe7a45de4358cc945117806e539de5021c1c1c1c1c1c1c1c1c1c1c1c1c1c1c1c1c1c1c1c1c1c1c1c1c1c1c1c1c1c1c1c1c1c1c1c1c1c1c1c1c1c1683ac,],af31ca242092f65448c8165869080e291eca91334010d6433aade1495b30309088a81a1788243aaf7fcba48395b10ddc1ebd393a2c2f052a3ce5c8647d7d68fe,"[,<}}",af2048691e403a5b88887f951e2c3c7d5d7a58179d1c1c029d6e179458de7af45d5df47ade5894176e9d021c1c9d17587a5d7d3c2c1e957f88885b3a401e6948,"[,<}]]]]}<,[",step_cap,8192,1,0,0,1,65,partner,focal,",<}}",-1,2,0,0,0,CROSS_TAPE_FOCAL_CLOSE
N,45,1,689,63.0,,0,e864765b552e55635210257b5a721bdc35ab5c958cf4f4998c3e95aa5c8dab5d5dab8d5caa953e8c99f4f48c955cab35dc1b725a7b25105263552e555b7664e8,1,75033,,p2,0,35aa5d88ab888d885c88aa8895883e888c889988f488798868883688dd88f488a688fd88e988d38821883388dc88d688dd8869882988a9887b88fa88fb882a14,]>{,0401e8216479037f769e4bcd5bc3cf81555626a12e3e07e3559c3e1063539b855219e018109bc12025590a0d7b8334a35a0bddc0723321681bb99442dc536013,[.>>{,e864765b552e55635210257b5a721bdc35ab5c958cf4f4998c3e95aa5c8dab5d5dab8d5caa953e8c99f4f48c955cab35dc1b725a7b25105263552e555b7664e8,[.{>]]>{.[,step_cap,8192,1,0,0,1,67,partner,focal,.>>{,2,-1,0,0,0,CROSS_TAPE_FOCAL_CLOSE
N,45,2,775,63.0,,0,d85b2e4d3e9088602a3326c7977be3c35d4fdf5c420202f442fa5c3ddff74f705da7c3d5e3f27be897fdc728264b33be2a8960ff887890b83e8c4d942ef15b1d,1,86036,,p2,0,5d1970dd4f6cf7b9df4a3d235c94fa9e426ff4e702522a3056a00ff207ee91fb7429c9c876d859132b2a86f185805c5edb707c2c317234cabec62d187f8eb181,"]+,-",d8781d015bc2f15a2ee3943e4d0d8cef3e8fb8d2900078e288e5ffee607189392af2be9633b94b5626d52872c7edfd02971fe8c77b24f2f4e3c8d5d7c34aa7d1,[.>>0{,d85b2e4d3e9088602a3326c7977be3c35d4fdf5c420202f442fa5c3ddff74f705da7c3d5e3f27be897fdc728264b33be2a8960ff887890b83e8c4d942ef15b1d,[.>{]]{>.[,ip_out_of_bounds,4238,1,0,0,1,65,partner,focal,.>>{,2,-1,0,0,0,CROSS_TAPE_FOCAL_CLOSE
N,49,1,1016,63.0,,0,b35b3ef8b417707bc12e8ceca2c7cbce5d0e0e0e0e0e0e0e0e0e0e0e0e0e0e0d5d0d0e0e0e0e0e0e0e0e0e0e0e0e0e0e5dcecbc7a2ec8c2ec17b7017b4f83e5b,1,70016,,p2,0,5d850d0e0e0e0e0e0e0e0e0e0e0e0e0e0e0e0e0e0e0e0e0e0e0e0e0e0e0e0e0e0e0e0e0e0e0e0e0e0e0e0e0e0e0e0e0e0e0e0e0e0e0e0e0e0e0e0e0e0e0e0ede,],b3ae22385bbaeb9f3e5ae06bf832cef4b4cc320217fe593e70a812867bf8d0a0c1ae1bf72e0476038c86a134ecb55ce2a2c9ac70c77028c4cb783334cea08066,[>>{.,b35b3ef8b417707bc12e8ceca2c7cbce5d0e0e0e0e0e0e0e0e0e0e0e0e0e0e0d5d0d0e0e0e0e0e0e0e0e0e0e0e0e0e0e5dcecbc7a2ec8c2ec17b7017b4f83e5b,[>{.]]].{>[,step_cap,8192,1,0,0,1,65,partner,focal,>>{.,2,-1,0,0,0,CROSS_TAPE_FOCAL_CLOSE
N,49,2,1500,62.0,,0,28f64aa1d88f970182bc5bc3957d2c3c919cf6b32096db96b4204fb3e4f68e9c5d5d9c8ef6e4b34f20b496db9620b3f69c913c2c7d95c35bbc8201978fd8a14a,1,86474,,p2,0,5c5d9e9c038e26f63fe471b3a14f21204ab43d965bdbe9361e45c8739d916b6ed967086383847eff260c2e2ee4da6165b8c7f06652738e6193f25e3d7547ce8c,][..,f12842f6c0aef14a4eb1b9a1dd4303d87abb858fc4349897c897e9019dc0048283c6dcbc1d55af5bdfff0cc3cf9db39501c26d7d7783e02c7dc89b3c60018d91,"[},}<",28f64aa1d88f970182bc5bc3957d2c3c919cf6b32096db96b4204fb3e4f68e9c5d5d9c8ef6e4b34f20b496db9620b3f69c913c2c7d95c35bbc8201978fd8a14a,"[},<]]<,}[",step_cap,8192,1,0,0,1,66,partner,focal,"},}<",-1,2,0,0,0,CROSS_TAPE_FOCAL_CLOSE
N,61,1,879,63.0,,0,9b5b5ea7577b9253ec3e02f81dbe44f0c92e1a48874419e79d25be9ef59e5de79ce75d9ef59ebe259de7194487481a2ec9f044be1df8023eec53927b57a75e5b,1,12314,,p2,0,5f5d60a9597d9455ee4004fa1fc046f2cb301c4a89461be99f27c0a0f7a05fe99e23fa83745cb8ced4bdb2d38ef7cd91a2bf693e3ad0f42331fc39a98c990d36,]}>,9decbd685ad028bc63e59bb87781ba1d96bf5acde0d35e23d95b48aad66e501ac0a1c6246c2d71c4662fd28bd4ba50c8d7d703b22d453c7f650bd21ff317de63,[--<,9b5b5ea7577b9253ec3e02f81dbe44f0c92e1a48874419e79d25be9ef59e5de79ce75d9ef59ebe259de7194487481a2ec9f044be1df8023eec53927b57a75e5b,[{>.]].>{[,step_cap,8192,1,0,0,0,,,,,,,,,,NO_PROTO_FOUND
N,61,2,1624,63.0,,0,370e7e5b047b6855ca723ebc42382ec7d33f355122bf12cd1a7fdf221f5773a2e848135d2ca6f53c1c117d99f134b27cb9c4256b61ea66257e94ebb05b2c7428,1,83973,,p2,0,376d01db6bf1d3eb877a531e5202ddc986c2c07966dd66d0c1134fc3fdbf110c3039f4336a56524c9614b4033482d907733b52d1d04b279fc1d6f777ed8b58a6,,5728742c5bb0eb947e2566ea616b25c4b97cb234f1997d111c3cf5a62c5d1348e8a273571f22df7f1acd12bf2251353fd3c72e3842bc3e72ca55687b045b7e0e,",[}<,].>{[",370e7e5b047b6855ca723ebc42382ec7d33f355122bf12cd1a7fdf221f5773a2e848135d2ca6f53c1c117d99f134b27cb9c4256b61ea66257e94ebb05b2c7428,"[{>.],<}[,",step_cap,8192,1,0,0,0,,,,,,,,,,NO_PROTO_FOUND
N,63,1,442,64.0,,0,bebe4e5b367b2457d42e213ebc3567df5dc72f3c8a3131118ab13cda2fdec79090c7de2fda3cb18a1131318a3c2fc75ddf6735bc3e212ed457247b365b4ebebe,1,62808,,p2,0,5de990aec7c1de622f02dac33c43b1338a54119631ff1faab8e982cf5254221742e8d64fd5ec5cbe3bf012a502953c4a29f6f932db1972f6b833bd04da088b63,]<<,4d021726beaa90fc4e1fe60e5b2e93c436ff9cf97bb14ba72404a24857db9934d44320442ebf8c6721f99e4a3e89893ebc4b9bbe35502756672522d2df8658d1,[.{.>>,bebe4e5b367b2457d42e213ebc3567df5dc72f3c8a3131118ab13cda2fdec79090c7de2fda3cb18a1131318a3c2fc75ddf6735bc3e212ed457247b365b4ebebe,[{.>]<<<<]>.{[,step_cap,8192,1,0,0,1,65,partner,focal,.{.>>,2,-1,0,0,0,CROSS_TAPE_FOCAL_CLOSE
N,63,2,613,62.0,,0,1515bfadcadff1068b5ba511cf3e2e7b506b63b18ef3d916f3158e38b1b663d16b5d6bd163b6b1388e15f316d9f38eb1636b507b2e3ecf11a55b8b06f1dfcaad,1,130440,,p2,0,5d5d6bccd193635cb6d1b14638208e711550f36c1676d9cf9f6d35433138a6603aa12dce3e74154efbe073ced606271b1033ce34391784ebf6823d8ce66a60c4,]]->,30a015279308bfcd5b8cade0a862cafd82f1df58804af104929406ad59a28bd360505b3e3689a5d374ad11bb0e30cf3861363e227cbc2e8197937bcbbf27504c,[[>>.{,1515bfadcadff1068b5ba511cf3e2e7b506b63b18ef3d916f3158e38b1b663d16b5d6bd163b6b1388e15f316d9f38eb1636b507b2e3ecf11a55b8b06f1dfcaad,[>.{]{.>[,step_cap,8192,1,0,0,1,65,partner,focal,>>.{,2,-1,0,0,0,CROSS_TAPE_FOCAL_CLOSE
N,71,1,126,63.0,,0,6f370f60cf8b755b7bd33ea62ebf4fbc5dbfd4689185f99134688cd43ebf9d5d5d9dbf3ed48c683491f9859168d4bf5dbc4fbf2ea63ed37b5b758bcf600f376f,1,64832,,p2,0,eb5d229dc6bfb83ee8d4b88c316860347b9171f9a6859bfe9ba123584fbecf33600d2d6e47eeda122249c288d3308123130b2164d665601fbe81f8eeadad069b,]>{-,346fde9da637e75fc10f04b4a8606c572acfb165938b0a2553758c9fbc5b3be8027b167a32d3d5a98c3e9c118ba6cb9f4f2e33f6d8bfd96c884ff73e8ebcf45e,[{>.>,6f370f60cf8b755b7bd33ea62ebf4fbc5dbfd4689185f99134688cd43ebf9d5d5d9dbf3ed48c683491f9859168d4bf5dbc4fbf2ea63ed37b5b758bcf600f376f,[{>.]>]]>].>{[,step_cap,8192,1,0,0,1,66,partner,focal,{>.>,2,-1,0,0,0,CROSS_TAPE_FOCAL_CLOSE
N,71,2,614,63.0,,0,e75bfd58df627d0a3c232c845ae5b3b25d4204ba2b9696812b66ba2204e742215d2142e70422ba662b8196962bba04425db2b3e55a842c233c0a7d62df58fd5b,1,59911,,p2,0,5d6d217a4288e7a804c322f6ba7c669f2baf81a5968d69e87334dc91029b412a7e5a576ea01e2dbfe4114385d84f3cdc8f8a8691831452b7b86f19ee50c8638c,]+-<,e736fcb15be7491efd14839d588d0cdfdf9d7df662abcd857d48e84b0ab77caa3c516c26234a6ae62ca8947084c5e8df5aeeae53e5ba37e1b343a4eeb207462c,"[}}<,,",e75bfd58df627d0a3c232c845ae5b3b25d4204ba2b9696812b66ba2204e742215d2142e70422ba662b8196962bba04425db2b3e55a842c233c0a7d62df58fd5b,"[}<,]++]++],<}[",step_cap,8192,1,0,0,1,65,partner,focal,"}}<,,",-1,2,0,0,0,CROSS_TAPE_FOCAL_CLOSE
N,73,1,86,62.0,,0,5ecb22b35b0c7d876451e4f3f2e72c65423c5d584e704c6370824e1458415d5d4158144e8270634c704e585d3c42652ce7f2f3e45164877d0c5bb322cb5ea2ef,1,19018,,p2,0,764c3c358ad65dc7418458b1144c4e848238701f63ff4cc8f2b3dd10b77b367a489f9f5bf55b16102a7211988092271bbb0d28bbb4ce1f565db60288fe4a48cf,<]{[[],15cc179deff0a2015ed2cbbb22d8b3015b6f6a3b0c9d7d352aa5876bf9f764ae9cea510293dde46f72a6f37de1daf289c13de7207c322c985159654517bb4201,"[}},",5ecb22b35b0c7d876451e4f3f2e72c65423c5d584e704c6370824e1458415d5d4158144e8270634c704e585d3c42652ce7f2f3e45164877d0c5bb322cb5ea2ef,"[},<]]]]<,}[",step_cap,8192,1,0,0,1,71,partner,focal,"}},<",-1,2,0,0,0,CROSS_TAPE_FOCAL_CLOSE
N,73,2,437,63.0,,0,a8d7971b4a5b2e3ecc3059197bec92dd5d5d4e824f8f8f134f8982a64e835d575d5d575d834ea682894f138f8f4f824e5d5ddd92ec7b195930cc3e2e5b4a1b97,1,7861,,p2,0,5d1157025dd9835a4ee8a6f7821a89414fa7135d8f80de7aad1c0d6b72edc0efd8d28d8230e202d662c5c68cb66578b2604b7e16a63b727862875bd2512f0bd1,]]][,a89b0deed7121e6c9729bb2c1bbb16884abd27d35b1fa5892ea592b03ee3ae70cc84b565300ef6e3597e389b196e20847bef344eecea807892cb183eddb9597e,",[.>{>",a8d7971b4a5b2e3ecc3059197bec92dd5d5d4e824f8f8f134f8982a64e835d575d5d575d834ea682894f138f8f4f824e5d5ddd92ec7b195930cc3e2e5b4a1b97,[.>{]]]]]]]]{>.[,step_cap,8192,1,0,0,1,65,partner,focal,.>{>,2,-1,0,0,0,CROSS_TAPE_FOCAL_CLOSE
N,79,1,555,63.0,,0,4e6822fb64105b9d6ca53f2ee53e8c7bc4b3b3b3b3b3b3b3b3b3b3b3b3b3b3b35db3b3b3b3b3b3b3b3b3b3b3b3b3b3b3c47b8c3ee52e3fa56c9d5b1064fb2268,1,3966,,p2,0,5c5db3b3b3b3b3b3b3b3b3b3b3b3b3b3b3b3b3b3b3b3b3b3b3b3b3b3b3b3b3b3b3b3b3b3b3b3b3b3b3b3b3b3b3b3b3b3b3b3b3b3b3b3b3b3b3b3b3b3b3b32d7c,]-,454eaa68076de622bc800afbfdd95e6424e5c7106e766c5b3e93fd9df6a8336cf4a99ba590c3b83f7876b92e6a613ae5ea1d4a3e3f2a788cb091957b03e87fc4,[>.>{,4e6822fb64105b9d6ca53f2ee53e8c7bc4b3b3b3b3b3b3b3b3b3b3b3b3b3b3b35db3b3b3b3b3b3b3b3b3b3b3b3b3b3b3c47b8c3ee52e3fa56c9d5b1064fb2268,[.>{]{>.[,step_cap,8192,1,0,0,1,66,partner,focal,>.>{,2,-1,0,0,0,CROSS_TAPE_FOCAL_CLOSE
N,79,2,965,63.0,,0,f65bbb69c23c7da61719c12c20263f035da10d0a238282d623200a130d9aa1c85dc8a19a0d130a2023d68282230a0da15d033f26202cc11917a67d3cc269bb5b,1,118724,,p2,0,5dd5c862a1639a740d5213330a4e206b2347d6a18285251de0d64081cc5f016deb37457a50d4ff3278f918daeb184b2b3a6a2767486e9f3bf07cb0656a812525,]+,f617ddb05b6e0848bbbf8feb69998bd4c2bf83b43cd9149a7d822166a6168cc2177d06bd19ca9702c1dbbac02c57e538209488db26cadbaa3f2ae6b9036bc999,"[<}},",f65bbb69c23c7da61719c12c20263f035da10d0a238282d623200a130d9aa1c85dc8a19a0d130a2023d68282230a0da15d033f26202cc11917a67d3cc269bb5b,"[<},]]],}<[",step_cap,8192,1,0,0,1,65,partner,focal,"<}},",-1,2,0,0,0,CROSS_TAPE_FOCAL_CLOSE
N,80,1,913,63.0,,0,85f95ba1293e25237b4726eb2e9cb3455d5b5b5b5b5b5b5b5b5b5b5b5b5b5b5b5d5b5b5b5b5b5b5b5b5b5b5b5b5b5b5b5d45b39c2eeb26477b23253e29a15bf9,1,78991,,p2,0,5d5b5b5b5b5b5b5b5b5b5b5b5b5b5b5b5b5b5b5b5b5b5b5b5b5b5b5b5b5b5b5b5b5b5b5b5b5b5b5b5b5b5b5b5b5b5b5b5b5b5b5b5b5b5b5b5b5b5b5b5b5badcf,][[[[[[[[[[[[[[[[[[[[[[[[[[[[[[[[[[[[[[[[[[[[[[[[[[[[[[[[[[[[[,85bd22ddf992b2d55b358fc5a104c01929a9f7803e94a34325df649d233272127b079dde4731f8a9260eb795eb38453e2e1546aa9cdf2167b3e1593845c7ceca,[>{>.,85f95ba1293e25237b4726eb2e9cb3455d5b5b5b5b5b5b5b5b5b5b5b5b5b5b5b5d5b5b5b5b5b5b5b5b5b5b5b5b5b5b5b5d45b39c2eeb26477b23253e29a15bf9,[>{.][[[[[[[[[[[[[[[][[[[[[[[[[[[[[[].{>[,step_cap,8192,1,0,0,1,65,partner,focal,>{>.,2,-1,0,0,0,CROSS_TAPE_FOCAL_CLOSE
N,80,2,1595,62.0,,0,ead692073e0be85b173cd07deeed2c40ca393939393939393939393939393939395d5d39393939393939393939393939393939ca402cedee7dd03c175be80b3e,1,15937,,p2,0,5d8f391839a8399939e73907394e3967390c39b939df393c39833912395039c53911393b396a39e939ac394d392d392639aa398c398a39cc398639c2395eb9b8,]<-,5bd8d6ead0a092cf2a8c07de5bcc3e51723b0beb1b5ee81537065ba7592917ee82353c20e3cfd03db5227d74d814eeb73a1bed217d4b2c0c6ae740b2717fca69,"[[>[<}},",ead692073e0be85b173cd07deeed2c40ca393939393939393939393939393939395d5d39393939393939393939393939393939ca402cedee7dd03c175be80b3e,">[<},]],}<[>",step_cap,8192,1,0,0,1,65,partner,focal,"<}},",-1,2,0,0,0,CROSS_TAPE_FOCAL_CLOSE
N,83,1,476,63.0,,0,5b5b7d770250be79b7bccd16d5f23c312cc5b05df743fd2851368efd86436a84846a4386fd8e365128fd43f75db0c52c313cf2d516cdbcb779be5002777d5b5b,1,54030,,p2,0,5d5d7f790452c07bb9becf18d7f43e332ec7b25ff945ff2a533890ff88456c865b123069d938b3f0c3b5ab60ef2b6bd1d7fef14262cd96df16d8bf7d74556743,]]{>.[+},cf0b3d084635ea845bedd1f470c89be66944ea83e36018962d37bb2109cb122dcaecc114013c26791cb4308777c375c11924c9f2b935be6b6acbf12877b0eebc,[--<,5b5b7d770250be79b7bccd16d5f23c312cc5b05df743fd2851368efd86436a84846a4386fd8e365128fd43f75db0c52c313cf2d516cdbcb779be5002777d5b5b,"[[}<,]],<}[[",step_cap,8192,1,0,0,0,,,,,,,,,,NO_PROTO_FOUND
N,83,2,1500,63.0,,0,929cb1551d5b7d9304c2b2bf3cc02c745dac5b39fed9d97ffef439065baeac8a5d8aacae5b0639f4fe7fd9d9fe395bac5d742cc03cbfb2c204937d5b1d55b19c,1,80907,,p2,0,5db48a85ace0ae9b5b12066a396bf440fe2f7fe6d9a10d6d61fe9e4a7ba316dc4878d162f998db1309ac825162e3dc0711fb707c74f9ba56a261de99ff152524,][{,9208ee0f9ce18233b1baaa8355350fc51d306c0b5b0c389f7dbacb9a93fd83a50437ff9dc2c402c9b27d1d56bfe86acc3c9bc8e5c0ebc5b12c18ffcf74bbe141,"[}}<,",929cb1551d5b7d9304c2b2bf3cc02c745dac5b39fed9d97ffef439065baeac8a5d8aacae5b0639f4fe7fd9d9fe395bac5d742cc03cbfb2c204937d5b1d55b19c,"[}<,][[][[],<}[",step_cap,8192,1,0,0,1,65,partner,focal,"}}<,",-1,2,0,0,0,CROSS_TAPE_FOCAL_CLOSE
N,85,1,642,63.0,,0,6a6ccffc2a8b872a5b2cc81d633c7d6a5d6cdae28e0606888eabe212da0f6c755d5d756c0fda12e2ab8e8806068ee2da6c5d6a7d3c631dc82c5b2a878b2afccf,1,79305,,p2,0,5dbf75f96cf00f88da8c1283e26aabcc8e57884d063092b9d4637e4e43b97986546b546020e81794b0c0e2afe9e2ac0ac14b8647b3d9b62a585ea1c5f005f7aa,],6bd74c956c4d7621cf85542dfcb1665a2adcf6038b524c7f872cf8fa2a7cdfae5bb767e82cbdb178c8c990ed1d8aafe963aa62293c961cd07d747d946ad342ed,"-,[,<}}",6a6ccffc2a8b872a5b2cc81d633c7d6a5d6cdae28e0606888eabe212da0f6c755d5d756c0fda12e2ab8e8806068ee2da6c5d6a7d3c631dc82c5b2a878b2afccf,"[,<}]]]]}<,[",step_cap,8192,1,0,0,1,65,partner,focal,",<}}",-1,2,0,0,0,CROSS_TAPE_FOCAL_CLOSE
N,85,2,744,63.0,,0,7c8f3882eecb04f45b2c3435e446697d26128c5e8c4545a38c3c5e5d5d5e3c8ca345458c5e8c12267d6946e435342c5bf404cbee82388f7c962bd972d5779b34,1,45631,,p2,0,265c26611285089b8c2c5d6b5e993c748c3da36945500161b7e7a83e230472f3b511d285e1f7eefe768d1b89d39cef073e49c6a67d9cd312663cfb0e254afb39,",]<>>}<",e07f34469bfe770dd5eb72d8d92b2b2b96d27ccf8fd538018294ee26cb8704acf4e35b6cbfd68762348ce6ea355264cde43b253c4665d1276969597d7ddc16d3,+++[<}},7c8f3882eecb04f45b2c3435e446697d26128c5e8c4545a38c3c5e5d5d5e3c8ca345458c5e8c12267d6946e435342c5bf404cbee82388f7c962bd972d5779b34,"[,}<]]<},[+",step_cap,8192,1,0,0,1,75,partner,focal,"<}},",-1,2,0,0,0,CROSS_TAPE_FOCAL_CLOSE
N,87,1,772,64.0,,0,5b7b2e988f8eec6a3e2663ee19ecae7e5dca79c8c1f50ac14fc8fa798eca9a5d9aca8e79fac84fc10af5c1c879ca5d7eaeec19ee63263e6aec8e8f982e7b5b71,1,40318,,p2,0,5e5d5f9a74ca768ec67950fa71c8dc4fdfc1840ac7f50139def2f54a673620848484848484848484848484848484848484848484848484848484848484853ea1,]>,0f71ec5b327b033e1f2e8d3b6e98cc60b58f3f87968e37365eec0830da6a2701693edfa0e726579f7e6340dbc9ee8e6b6f1923b3c4ecf42323aed2dce57e21e9,[{>.>,5b7b2e988f8eec6a3e2663ee19ecae7e5dca79c8c1f50ac14fc8fa798eca9a5d9aca8e79fac84fc10af5c1c879ca5d7eaeec19ee63263e6aec8e8f982e7b5b71,[{.>]]]>.{[,step_cap,8192,1,0,0,1,66,partner,focal,{>.>,2,-1,0,0,0,CROSS_TAPE_FOCAL_CLOSE
N,87,2,1486,63.0,,0,8767a251c3ea935b32e9b82e411e3e7b5d5b5b5b5b5b5b5b5b5b5b5b5b5b5b5b5d5d5b5b5b5b5b5b5b5b5b5b5b5b5b5b5b5d7b3e1e412eb8e9325b93eac351a2,1,123115,,p2,0,5d5c5b5b5b5b5b5b5b5b5b5b5b5b5b5b5b5b5b5b5b5b5b5b5b5b5b5b5b5b5b5b5b5b5b5b5b5b5b5b5b5b5b5b5b5b5b5b5b5b5b5b5b5b5b5b5b5b5b5b5b5b5b5c,][[[[[[[[[[[[[[[[[[[[[[[[[[[[[[[[[[[[[[[[[[[[[[[[[[[[[[[[[[[[[,87eeaa5b6725990fa2604c2e51ff3aa2c355b2a9ea7a5f2a932cecc85b79dcef320f279be9a786fdb8dbc4522ef3ed9a415e37c01e30b64b3ee769817ba7b93e,"[.,[.>{>",8767a251c3ea935b32e9b82e411e3e7b5d5b5b5b5b5b5b5b5b5b5b5b5b5b5b5b5d5d5b5b5b5b5b5b5b5b5b5b5b5b5b5b5b5d7b3e1e412eb8e9325b93eac351a2,[.>{][[[[[[[[[[[[[[[]][[[[[[[[[[[[[[[]{>.[,step_cap,8192,1,0,0,1,65,partner,focal,.>{>,2,-1,0,0,0,CROSS_TAPE_FOCAL_CLOSE
N,88,1,350,63.0,,0,d4465b7b6a9fdec2b95a755e3b3e602e5cba462898984428ab466aba195c5d5d5c19ba6a46ab284498982846ba5c2e603e3b5e755ab9c2de9f6a7b5b46d484af,1,37768,,p2,0,3e5dd15cb0191fba9f6a7a46d4ab57287a447998fe3a5a15ec1787b26107ce64fef19391aec629d3c26b015261a77765d26f2d11e0dd7e41d022541219b6f4af,>]-,6e8491d4cda7e6467b2b795b0888377b3ae2206ad3beb79f0f9106de02f6c5c2d2c90ab93fbc285a38f3bc756ec5f95e4201543b85e4223ebb201e60b3f7432e,{+[{>.,d4465b7b6a9fdec2b95a755e3b3e602e5cba462898984428ab466aba195c5d5d5c19ba6a46ab284498982846ba5c2e603e3b5e755ab9c2de9f6a7b5b46d484af,[{>.]].>{[,step_cap,8192,1,0,0,1,66,partner,focal,{>.>,2,-1,0,0,0,CROSS_TAPE_FOCAL_CLOSE
N,88,2,1172,63.0,,0,c2d5e9ba1c7e40f75b4c62872ed07b023eacfe3439933439523496fe25ac5d5dac25fe9634523934933934feac3e027bd02e87624c5bf7407e1cbae9d5c20f82,1,47334,,p2,0,3f3e3e5d42acb725cbfe76967034a752de394a341a934883f2e0731829640a4bca3e081e410f646d1d3fd126e7f3be42c42d0933248ebacf441a6189fa37c310,>>]>-,e682730ffac279d5fae90a2d3dbadb08ee1c410ee77ef4ff2340ce0f76f7241e3c5b1924484c4d688462f460328790794c2eb86322d0d1e61d7b157e6902bd6b,-<[.{,c2d5e9ba1c7e40f75b4c62872ed07b023eacfe3439933439523496fe25ac5d5dac25fe9634523934933934feac3e027bd02e87624c5bf7407e1cbae9d5c20f82,[.{>]]>{.[,step_cap,8192,1,0,0,1,68,partner,focal,.{>>,2,-1,0,0,0,CROSS_TAPE_FOCAL_CLOSE
N,91,1,106,64.0,,0,3b5b3ca3a99f2cb2b949167d702a48b05de82ca4d08fa0d031a4032c27e8e45de4e8272c03a431d0a08fd0a42ce85db0482a707d1649b9b22c9fa9a33c5b3bcc,1,59959,,p2,0,595d40e47fe85d27282c6003a8a495319ed008a04e8ffa2fe5def5306731057a7b3b8248209f005c4393a85a0d56b6abf96c8ce79b45cf81c9acea097351033b,"]],{0",35cc8f3bba5b007db63c0d890ea3a6148aa9dae1639f5957bf2cdf4c90b29499d9b9fd3aec49bc0c71165e75697d8888327079883d2ab7af1148ff52f2b0575a,"[0}<,}",3b5b3ca3a99f2cb2b949167d702a48b05de82ca4d08fa0d031a4032c27e8e45de4e8272c03a431d0a08fd0a42ce85db0482a707d1649b9b22c9fa9a33c5b3bcc,"[<,}],,],,]},<[",step_cap,8192,1,0,0,1,66,partner,focal,"}<,}",-1,2,0,0,0,CROSS_TAPE_FOCAL_CLOSE
N,91,2,1207,63.0,,0,1c0c5b6792f328b7167b3e212e64a3025d8a8a8a8a8a8a8a8a8a8a8a8a8a8a8a5d8a8a8a8a8a8a8a8a8a8a8a8a8a8a8a5d02a3642e213e7b16b728f392675b0c,1,104100,,p2,0,5d8a8a8a8a8a8a8a8a8a8a8a8a8a8a8a8a8a8a8a8a8a8a8a8a8a8a8a8a8a8a8a8a8a8a8a8a8a8a8a8a8a8a8a8a8a8a8a8a8a8a8a8a8a8a8a8a8a8a8a8a8a8ab6,],1ccf0fd30cdaedea5ba96d30675082ce92bca837f3deb18d28ccf23eb775684316e281727b04f1fc3ef5839321e70dde2ecbe58264cffbbea329080c0284c8e2,[>{>.,1c0c5b6792f328b7167b3e212e64a3025d8a8a8a8a8a8a8a8a8a8a8a8a8a8a8a5d8a8a8a8a8a8a8a8a8a8a8a8a8a8a8a5d02a3642e213e7b16b728f392675b0c,[{>.]]].>{[,step_cap,8192,1,0,0,1,65,partner,focal,>{>.,2,-1,0,0,0,CROSS_TAPE_FOCAL_CLOSE
N,99,1,421,63.0,,0,bbca5bcd0f2cee3c597dd56c837fd8655d722c512f1b1b752f01514d2c1272455d5d4572122c4d51012f751b1b2f512c725d65d87f836cd57d593cee2c0fcd5b,1,11363,,p2,0,5d6245b372c112182cb64dd5516701442ff075eb1b562b2b2b2b2b2b2b2b2b2b2b2b2b2b2b2b2b2b2b2b2b2b2b2b2b2b2b2b2b2b2b2b2b2b2b2b2b2b2b2b1497,"],++++++++++++++++++++++++++++++++++++++++",bb680709ca9ed8985bdb93d9cd85d5c10fdce8f22c1c6589ee47af0b3c998ad9597565f67db3c2a3d54554f06c7ebf3683fa9e787fef505ad8a735bd65e17d35,"[,<}}",bbca5bcd0f2cee3c597dd56c837fd8655d722c512f1b1b752f01514d2c1272455d5d4572122c4d51012f751b1b2f512c725d65d87f836cd57d593cee2c0fcd5b,"[,<}],,]],,]}<,[",step_cap,8192,1,0,0,1,65,partner,focal,",<}}",-1,2,0,0,0,CROSS_TAPE_FOCAL_CLOSE
N,99,2,772,63.0,,0,515b29b99a7dd9ee8ab9776a7f3c612c5da5cd686868686868686868cd49a5825d82a549cd686868686868686868cda55d2c613c7f6a77b98aeed97d9ab9295b,1,120786,,p2,0,5d5e8248a5874942cdff68686868686868686868686868686868686868686868686868686868686868686868686868686868686868686868686868686868684e,],514204a55b1c6059295487c1b9b70f7e9a51d97d7d1f8c55d94d83c6eea9cd5c8a48f112b901c92777f2b04d6a0567077f54f1bd3c35c0e861a446422c8ea08f,"[}}<,",515b29b99a7dd9ee8ab9776a7f3c612c5da5cd686868686868686868cd49a5825d82a549cd686868686868686868cda55d2c613c7f6a77b98aeed97d9ab9295b,"[}<,]]],<}[",step_cap,8192,1,0,0,1,65,partner,focal,"}}<,",-1,2,0,0,0,CROSS_TAPE_FOCAL_CLOSE
R,1,1,1777,64.0,,0,485ba43cf5b33f091463972c2c7d0a3d5ddadf1e347676ec34a01e1edf40da2cda40df1e1ea034ec7676341edfda5d3d0a7d2c2c976314093fb3f53ca45b4834,1,105741,49572,p2,,5d2b2c40da6940dfdf501edd1e14a09f34a5eca276873b650f997c2ea6d5853b4de39bca3b449b8575b1ca203e52a11b44f5ffa581a4db36908a8de9ea3d3a2a,"]+,.>",d92c349b488e5b27a4d62c803c7d8a4af55cde63b3b5b0563fd32c8f09b181011414488c638cdd8c978c3d462c8c3cb92c0b53af7d8f50870a9797033d3d373e,",[,<},,<,}>",485ba43cf5b33f091463972c2c7d0a3d5ddadf1e347676ec34a01e1edf40da2cda40df1e1ea034ec7676341edfda5d3d0a7d2c2c976314093fb3f53ca45b4834,"[<,,}],]},,<[",step_cap,8192,1,0,0,1,65,partner,focal,",<},,<,}>",-1,2,0,0,0,CROSS_TAPE_FOCAL_CLOSE
R,1,2,1791,62.0,,0,62477d2c2c97635b0b3cf97d71822c5d5bcd60e4ade41660facd465b7f5d5d7f5b46cdfa6016e4ade460cd5b5d2c82717df93c0b5b63972c2c7d47621e030303,1,56986,48241,p2,,155d507fd65b5b4631cd5bfac660d616bee461ad5b1dadba5b5b1762e35bf8d64992354dbc5e975b5d27995b5a07ab2c5b6cab905e3582e287a724ababab5c5c,"][[[[[[[[][,[",0303f91ef9622c473c01ed010b7d44535b2c743c632cdd3d97973ddd2c633c742c5b53447d0b01ed013c472c62f91ef9037d0316647164b89082e863022c2c2c,",<}[,<,,<,[}<,},,,",62477d2c2c97635b0b3cf97d71822c5d5bcd60e4ade41660facd465b7f5d5d7f5b46cdfa6016e4ade460cd5b5d2c82717df93c0b5b63972c2c7d47621e030303,"},,[<},][[]][[],}<[,,}",step_cap,8192,1,0,0,1,66,partner,focal,"}<,},,,",-1,2,0,0,0,CROSS_TAPE_FOCAL_CLOSE
R,6,1,2102,63.0,,0,4cd18243e3a5c2ff5b5b5b3c7d5e252c5df02bc6b6b603c67b2b72f0865d86f0722b7bc603b6b6c62bf05d2c255e7d3c5b5b5bffc2a5e34382d14cf725e292b0,1,122611,15983,p2,,689d685d688668f06872682b687b68c6680368b6681f68ca685c681968fc682068a668aa68c268cd682c68d068cf687368c2681e689c685b2f979700303db0b0,"]+{,[0",0192abe24c2522f7ac4cabd14482b2432526abe37b01a5a5035a84c24227cdff3c5b5b5b5b5b5b5b5b5b5b5b5b5b5b3c157d7d7da516305e7b153d25c57c462c,"{<[[[[[[[[[[[[[[<}}}{,",4cd18243e3a5c2ff5b5b5b3c7d5e252c5df02bc6b6b603c67b2b72f0865d86f0722b7bc603b6b6c62bf05d2c255e7d3c5b5b5bffc2a5e34382d14cf725e292b0,"[[[<},]+{+]+{+],}<[[[",step_cap,8192,1,0,0,1,68,partner,focal,"<}}}{,",-1,2,0,0,0,CROSS_TAPE_FOCAL_CLOSE
R,6,2,2713,62.0,,0,95e7e5343d2c5b575b7d574a2c57f03c38f63d5d957affc1e7d93dd9e7c1ff7a955d3df6383cf0572c4a577d5b575b2c3d34e5e7957affc1e7d9c937e5ad1e59,1,89901,79894,p2,,5dac2f89950d750a7add89ebff54a05fc13a512ae71b5fe7d9158e90c9e0c155370690c3e53a9d5fade8e8511ee45f5959e4593d343e61188a3e3d5b5b009d9d,]>>[[0,1672377b3d3a382b2c2c575b5b572c2c575b5b575b2c577d7d572c2c572c2c574a2c573b2c57e47d57c82c57f05b3c473c3c2783388f3c2ef6197bc53ddbb719,"{+,,[[,,[[[,}},,,,,,},[<<<<.{",95e7e5343d2c5b575b7d574a2c57f03c38f63d5d957affc1e7d93dd9e7c1ff7a955d3df6383cf0572c4a577d5b575b2c3d34e5e7957affc1e7d9c937e5ad1e59,",[[},<]]<,}[[,",step_cap,8192,1,0,0,0,,,,,,,,,,NO_PROTO_FOUND
R,9,1,1686,63.0,,0,3b5b3f3e7b3eb28888883c888851888888ff888888885434cef17f2e534e4d4d5d4d4d4e532e7ff1ce345488888888ff8888885188883c888888b23e7b3e3f5b,1,81533,71997,p2,,5dabffd968d369f2106a9eb09c3a8ba697979797369797979797979797979797979797979797979797979797971f209797978c978c8c97971e97977bf92c393c,"]{,<",3b5b5b3f3f3d3e3c7b3c3e3eb2888888888888883c88888888885188883c88888888ff88888888888888880e544b34a6ced5f1fc7f3c2e68531a4e424d4d4d42,[[><{<>><<<.,3b5b3f3e7b3eb28888883c888851888888ff888888885434cef17f2e534e4d4d5d4d4d4e532e7ff1ce345488888888ff8888885188883c888888b23e7b3e3f5b,[>{><.].<>{>[,step_cap,8192,1,0,0,1,65,partner,focal,><{<>><<<.,-2,-1,0,0,0,CROSS_TAPE_FOCAL_CLOSE
R,9,2,2876,64.0,,0,781a5b78785b9393d5e2e25b9341609448602941d5fd1c939f933cfd2c78287dd5937678d55dd5787693d57d28782cfd3c939f931cfdd541296048946041935b,1,112278,44772,p2,,17173c9696319393d5e2e22293e3609448602929d51c1c939f933c962c2f287dd5937693d52e3c3cd5b7016ae793e45d453c5c5da13c555d1a55005da45d5d5d,"<<,}.<<]<]<]0]]]]",7b3e78fd415b78785b1a781a783b783c1a787891fe99783c5aa278782c77782c786f7825f378780383a67826d30878785e4a788fb13c3cf1af3c783c3af18ff1,"{>[[<<,,<<<<",781a5b78785b9393d5e2e25b9341609448602941d5fd1c939f933cfd2c78287dd5937678d55dd5787693d57d28782cfd3c939f931cfdd541296048946041935b,"[[[<,}]},<[",step_cap,8192,1,0,0,0,,,,,,,,,,NO_PROTO_FOUND
R,10,1,1043,62.0,,0,2c6c72115b3e66d84316c1372e2f387b5db4551d0163632201aa1d8e553bb4f65df6b43b558e1daa01226363011d55b45d7b382f2e37c11643d8663e5b11726c,1,98661,84733,p2,,5db4f60eb4063b9755cc8e901d10aaa3018c220c63755a3d5281bad6605c1d866d60b04dd8442d0735bd0bd4c34c583bbc520c0c7b8082890ce9b77e3fe839b7,]-{,2c993b6c6ca4a47272b6b611117b295b5bc3c33e3e8ef3f3668b8bd8d8d8c9434387fbfb16c2c233c1c1c337373494942e4c4c4d2f2fe338384f766a7b37377c,",{[[>>.{",2c6c72115b3e66d84316c1372e2f387b5db4551d0163632201aa1d8e553bb4f65df6b43b558e1daa01226363011d55b45d7b382f2e37c11643d8663e5b11726c,",[>.{]]]{.>[",step_cap,8192,1,0,0,1,65,partner,focal,>>.{,2,-1,0,0,0,CROSS_TAPE_FOCAL_CLOSE
R,10,2,2594,63.0,,0,5b5bb5b38074383e757b2e010db601de8e01afeb2e0eae1a6a8b3e3d0f3c405d035d403c0f3d3e8b6a1aae0e2eebaf018ede01b60d012e7b753e387480b3b55b,1,110923,120120,p2,,5d2103522d2d2dfcf32d59fb2d2d2df9cf2d2d2d2d2d2d012d2d2d212d2b2d2d2d2d2d2d2d2d2d2d2d2d2d2d2d2df42d33bbea3a2d3aea9dea5abf31922c0992,"]-----------------+------------------,",b1305bf55bffb5f5b3c680e6744738c63ec675b57b8b2e7901810d67b6ac0121deec8e5b0153af3cebb32e7b0e67ae1f1a896a808b013e403d100fbe3c1b403c,[[>{.[<.{><<,5b5bb5b38074383e757b2e010db601de8e01afeb2e0eae1a6a8b3e3d0f3c405d035d403c0f3d3e8b6a1aae0e2eebaf018ede01b60d012e7b753e387480b3b55b,[[>{..><]]<>..{>[,step_cap,8192,1,0,0,1,65,partner,focal,<.{><<,-2,-1,0,0,0,CROSS_TAPE_FOCAL_CLOSE
R,15,1,1650,63.0,6511,0,03cf5b44d8e31b222c77e47dda5e003c5dad57c17a0b0b527a10c1a557dfad0c5d793c00005e5e4fdada7d45e4d977602cac22ee1bafe3bed8f844535b03cf02,1,69594,37861,p2,,5d4f0cdaad70df77572ba5e1c1b910367a8052a70bba39415f684b020dc7fd4b52cc0ecabf8ea232f5c56746d43de2e7f9846c65f5f246b98ee3669d3c3c014b,]+<<,037402cfcfcf03035b5b53534444f8f8d8d8bebee3e3afaf1b1beeee2222acac2c2c60607777d9d9e4e445457d7ddaadda304f305e0d5e00000000003c3a7940,"[[,,}}00000<",03cf5b44d8e31b222c77e47dda5e003c5dad57c17a0b0b527a10c1a557dfad0c5d793c00005e5e4fdada7d45e4d977602cac22ee1bafe3bed8f844535b03cf02,"[,}0<]]<00},[",ip_out_of_bounds,3690,1,0,0,1,65,partner,focal,",,}}<",-1,2,0,0,0,CROSS_TAPE_FOCAL_CLOSE
R,15,2,2511,63.0,6511,0,105b5b2c5b5b5bba69780f7e8e2c7d3c5d105d5d105d105d5d105d5d105d5d5d5d105d5d105d5d105d105d5d105d3c7d2c8e7e0f7869ba5b5b5b2c5b5b105b67,1,128508,29103,p2,,105d5d105d5d105d5d105d5d105d5d105d5d105d5d105d5d105d5d105d5d105d5d105d5d105d5d105d5d105d5d10905d909696b456730c5673a1b43a28282828,]]]]]]]]]]]]]]]]]]]]]]]]]]]]]]],675b5b5b5b5b5b5b5b905b5b5b3c2c3c5b5b5b5b5b5b5b5b5b5b5b5beeb1ba2f3bd169f2c6b978da68cf0f77b13e7eb68b4f8e8e77772ca2c22c7d7d796a3c3c,"[[[[[[[[[[[<,<[[[[[[[[[[[[>,,}}<<",105b5b2c5b5b5bba69780f7e8e2c7d3c5d105d5d105d105d5d105d5d105d5d5d5d105d5d105d5d105d105d5d105d3c7d2c8e7e0f7869ba5b5b5b2c5b5b105b67,"[[,[[[,}<]]]]]]]]]]]]]]]]]]]]<},[[[,[[[",step_cap,8192,1,0,0,1,66,partner,focal,">,,}}<<",-1,2,0,0,0,CROSS_TAPE_FOCAL_CLOSE
R,21,1,231,63.0,10554,0,dc710f468a5bf657e31da17dd0173c2cb6585d9f1880af189b9f855d1f1f5d859f9b18af80189f5d58b62c3c17d07da11de357f65b8a460f71dc72cd70170eda,1,95381,125508,p2,,cfb6197d60584b1fef5df3858c9ff39b7418dfaf97803693eb72ad520a1859db1a305b1508be093bfc34449e3f4abc55feaa58a68bdc5dc588380f8bd9f649ff,}][],d9dad90e0e17177070cdcd7272dcdc71710f0f46468a8ab4b45b5bf6f658585757e3be19311df6eae2a10701c47d760c85d0eca5d617c7d3ac3c3609812c4515,"[[}<,",dc710f468a5bf657e31da17dd0173c2cb6585d9f1880af189b9f855d1f1f5d859f9b18af80189f5d58b62c3c17d07da11de357f65b8a460f71dc72cd70170eda,"[}<,]]]],<}[",step_cap,8192,1,0,0,1,74,partner,focal,"}<,}",-1,2,0,0,0,CROSS_TAPE_FOCAL_CLOSE
R,21,2,398,63.0,10554,0,2f68e4495b0c50aa2ebc7b3e15525a465da7eaaf2294948c2248af2ceaaaa7655d5d65a7aaea2caf48228c949422afeaa75d465a52153e7bbc2eaa500c5b49e4,1,2038,102769,p2,,5d8f65eca796aa4eea410019af62482d22ea8c2094da624f174d802cfad35b43fff0e779b2be5b012815d50eeeaae0689926a985a03827d77adb28b96db7fc5a,"]0-,[[",2f75aebc68704acee4925049492f2f725bfd49dd0ce4570c50ddc349aafd2f5b2e72eb2fbc2ff9497b4975503e92f0e415ce554a5270b1685abc03ae46753e2f,[[.{>>,2f68e4495b0c50aa2ebc7b3e15525a465da7eaaf2294948c2248af2ceaaaa7655d5d65a7aaea2caf48228c949422afeaa75d465a52153e7bbc2eaa500c5b49e4,"[.{>],]],]>{.[",step_cap,8192,1,0,0,1,65,partner,focal,.{>>,2,-1,0,0,0,CROSS_TAPE_FOCAL_CLOSE
R,37,1,2683,63.0,,0,b32540ea105bb9013cd1f669997d792c5d3b17cc333a331fcc4317903bf15df13b901743cc1f333a33cc173b5d2c797d9969f6d13c01b95b10ea4025b308f16e,1,61709,3206,p2,,268c5d26f14d3b5b904717bc43bacc131f3133a33a333a73d36ba3d56bd35b5c5bef3091ea6b1e686b9f7d6bc8be37f8507ac3f56bef7b6b3437ff3c42a7d96e,][[[}{<,612ff1f30826b31525ff40744cfeea59d24610b5545b5bda6709b992eac901edc4bb3c115e7cd1a122cdf6235b5a699836c0997dd0367dc03d8479793c2c2cf5,"[[<[}}<,,",b32540ea105bb9013cd1f669997d792c5d3b17cc333a331fcc4317903bf15df13b901743cc1f333a33cc173b5d2c797d9969f6d13c01b95b10ea4025b308f16e,"[<},]]],}<[",step_cap,8192,1,0,0,1,67,partner,focal,"}}<,,",-1,2,0,0,0,CROSS_TAPE_FOCAL_CLOSE
R,37,2,2769,64.0,,0,6a2c5b5b5b5b5b5b5b363c552c7d3b5d3d784d3d0f803dfa4d3d78913dea5d5dea3d91783d4dfa3d800f3d4d783d5d3b7d2c553c365b5b5b5b5b5b5b2c6a6ad1,1,125319,90171,p2,,5d75ea923d3d913b78d33d3d4d80fa203d3d80610fa13d3d5a2e2bb63d3d177df8963d3d0c532f933d3d549333e23d3d976738d93d3d3c1d3c033d3d0a3c9dd1,].+}<<<,6aacf25b5b4b5b5b2c5b5b2c5b8e5b5b5b5b5b5b5b4b5b5b5b3c5b5b5b4b5b5b5b5b5b5b5b4b5b5b365be35b3c4b3502550255352c8f368f7d917d913b8f3b91,"[[[[,[[,[[[[[[[[[[[<[[[[[[[[[[[[[[<,}}",6a2c5b5b5b5b5b5b5b363c552c7d3b5d3d784d3d0f803dfa4d3d78913dea5d5dea3d91783d4dfa3d800f3d4d783d5d3b7d2c553c365b5b5b5b5b5b5b2c6a6ad1,",[[[[[[[<,}]]]]},<[[[[[[[,",step_cap,8192,1,0,0,1,65,partner,focal,"<,}}",-1,2,0,0,0,CROSS_TAPE_FOCAL_CLOSE
R,45,1,275,63.0,,0,0b3e66077cd85b10713c6d1c214ee12c7d33b6fff1dfdf0ef103ff39b631335d5d3331b639ff03f10edfdff1ffb6337d2ce14e211c6d3c71105bd87c07663e0b,1,34068,60378,p2,,7d7d5d1133d93105b6cc39abff3903f9f15e0e49df1b1fb93c39912f89168a454f33cc9c329cd36e20202f1f38292e57e07c54075d5b3170afcd3172d6d34c75,}}]<.][,dbdb0b5c3e348c05665f77ce070430547c54c9c5d85198055be5193810b8f67971abc1a63cc68fab6d6e07631cf6a77221806d0a4ed7322ce18d36272cd081e2,">[<,,",0b3e66077cd85b10713c6d1c214ee12c7d33b6fff1dfdf0ef103ff39b631335d5d3331b639ff03f10edfdff1ffb6337d2ce14e211c6d3c71105bd87c07663e0b,">[<,}]]},<[>",step_cap,8192,1,0,0,1,67,partner,focal,"<,,}}",-1,2,0,0,0,CROSS_TAPE_FOCAL_CLOSE
R,45,2,2855,63.0,,0,4777b2a4d057b55b9296f6bff62079b72c7d3a5ab83a3a6bb8ff5a3c3a5d3a3c5affb86b3a3ab85a3a7d2cb77920f6bff696925bb557d0a4b27747449e3b3b9e,1,128261,83449,p2,,2c7e2c7d7d2c5d163a3a3c3a5a39ff7ab83a6b7b3a3b3c7f7ed40fb9047e7d7d7d7d7d2e287f757de07c7d3c1fff7d2c7d3c2cb42c2c3d3d0cd7872cf57d3c3c,",,}},]<{<}}}}}.}}<},}<,,,,}<<",f47b9e3b3bfd3be19efa44ce477d77b4b22fa4d5d062573bb55aefdd5b4a0dbd92dbe8c69658cc71f65ec11ebff78a95f689202020604c80793c7944b744f6b7,{}[<,4777b2a4d057b55b9296f6bff62079b72c7d3a5ab83a3a6bb8ff5a3c3a5d3a3c5affb86b3a3ab85a3a7d2cb77920f6bff696925bb557d0a4b27747449e3b3b9e,"[,}<]<},[",step_cap,8192,1,0,0,1,71,partner,focal,"<,,}},",-1,2,0,0,0,CROSS_TAPE_FOCAL_CLOSE
R,49,1,467,64.0,504,0,015b7bb2377f2e57b11406a93843723e5d2ea1d942544277d98fa18e2ef45d61615df42e8ea18fd977425442d9a12e5d3e724338a90614b1572e7f37b27b5b01,1,53653,23902,p2,,618c5d01f4592ea68e97a1ab8fb0d9ad779042de5444f82da9e8f3aff01b99f47a1274ff54670dcb4ea473cb7c2b15c0c111899b61fed38326e32d5e5bff093b,].-+-[,0101d97f5b297bdcccd4499c1638b2b31d1c37adc4497f3d03832eaa7fd35758f753b1fff0981474051f06d7b450a99802ea38f80b864358d5fb72c025283e3e,[{.>>,015b7bb2377f2e57b11406a93843723e5d2ea1d942544277d98fa18e2ef45d61615df42e8ea18fd977425442d9a12e5d3e724338a90614b1572e7f37b27b5b01,[{.>]..]]..]>.{[,step_cap,8192,1,0,0,1,67,partner,focal,{.>>,2,-1,0,0,0,CROSS_TAPE_FOCAL_CLOSE
R,49,2,504,62.0,504,0,3e3e51515555e8e83d3d0202015b7bb2377f2e57b11406a93843723e5d2ea1d942544277d977425442d9a12e5d3e724338a90614b1572e7f37b27b5b0160a27d,1,120376,123743,p2,,3eba28ef5fd0f8c777593abf73bef89a7b71509d5c078d6105b4525205114e8ed464868917af36b874ed5d98f09811ee529e0f8bfa87810a5f9221fbef1ff0f0,>{],af7d7da260015b7bb2377f2e57b11406a93843723e5d2ea1d942544277d977425442d9a12e5d3e724338a90614b1572e7f37b27b5b0102023d3de8e855555151,}}[{.>]..]>.{[,3e3e51515555e8e83d3d0202015b7bb2377f2e57b11406a93843723e5d2ea1d942544277d977425442d9a12e5d3e724338a90614b1572e7f37b27b5b0160a27d,>>[{.>]..]>.{[},step_cap,8192,1,0,0,0,,,,,,,,,,NO_PROTO_FOUND
R,56,1,3025,63.0,,0,8aab5b5bab5b5bab5b93aba3b22ee03e3a26d35a268126817b268a5a26d35a265d265ad3265a8a267b812681265ad3263a3ee02eb2a3ab935bab5b5bab5b5bab,1,127620,106998,p2,,265daa26815a51d38a26515a268a40266a7b3f812826673c269b3f262626a6585126aa81518a5126406a3f2867263f26a651aa5151403f673f504d5050bc5e50,]{<,8a8a8aab3c7dab5b5bab2c5bab775bab5bffab5b5bab5b5bab5bc1ab5b5bab5b5bab9393ab5b5bab5b5baba31f0366b23a337b2e3ee542e0a83e2e3e6a3c553a,"<}[[,[[[[[[[[[[[[[[[[{.>>.><",8aab5b5bab5b5bab5b93aba3b22ee03e3a26d35a268126817b268a5a26d35a265d265ad3265a8a267b812681265ad3263a3ee02eb2a3ab935bab5b5bab5b5bab,[[[[[.>{]{>.[[[[[,step_cap,8192,1,0,0,1,66,partner,focal,{.>>.><,2,-1,0,0,0,CROSS_TAPE_FOCAL_CLOSE
R,56,2,3067,63.0,,0,80e27b339178575b5a7c427b9dbc2e15a0e49cb7e2e3ea7430709c42dd3e5d5b5b5b5d3edd429c703074eae3e2b79ce4a0152ebc9d7b427c5a5b577891337be2,1,24685,72460,p2,,5d285b5b5b3c3b5b5b5b3b3c5b5b5b963b5b5b5b3c755b5b5b753c5b5b5b3c755b5b5b753c5b5b5b3c755b5b5b75975b5b5b3df0f05b5b292176a43c2c7f2b7b,"][[[<[[[<[[[[[[<[[[<[[[<[[[<[[[<[[[[[[[[<,+{",f9d1d7068065e2a07b4a33b191d47823575a5b5a5abe7ca842a67b429deabcd42eb8153ca079e43a9cf9b7f9e283e3bdeadd74f3305c70709c9d423cdd3c3e41,{[{.<<<>,80e27b339178575b5a7c427b9dbc2e15a0e49cb7e2e3ea7430709c42dd3e5d5b5b5b5d3edd429c703074eae3e2b79ce4a0152ebc9d7b427c5a5b577891337be2,{[{.>][[[]>.{[{,step_cap,8192,1,0,0,1,65,partner,focal,{.<<<>,-2,-1,0,0,0,CROSS_TAPE_FOCAL_CLOSE
R,57,1,1858,63.0,9582,0,84efbd3c335b0606060661e493e0e27d18f23d3d2c3d2c3d3d4b3d3cf235185d5d1835f23c3d4b3d3d2c3d2c3d3df2187de2e093e461060606065b333cbdef84,1,46692,89902,p2,,5df818dc3512f2ea3c3d3dd94b3d3d493d3d2c3d3d3c3d3d3d3d3d023d3c3d3d3d3a3d3d3d3d3d3d3d3d3d3d3d3d3d3d3d3d3d3d3d3d3d3d3a9f544954d849ba,"]<,<<",fc8f84643d90ef64d664bd9899403ccc3d3d339795bc5bbc06bc06bc06bc06bc06bc06bc06bc06bc06bc6130261ee4ff07f7938ae021e02ce03ce2285a387d7d,"<[,<}}",84efbd3c335b0606060661e493e0e27d18f23d3d2c3d2c3d3d4b3d3cf235185d5d1835f23c3d4b3d3d2c3d2c3d3df2187de2e093e461060606065b333cbdef84,"<[},,<]]<,,}[<",step_cap,8192,1,0,0,1,65,partner,focal,",<}}",-1,2,0,0,0,CROSS_TAPE_FOCAL_CLOSE
R,57,2,2391,64.0,9582,0,5b5b5b4f5b5b953c8675eb96622c7d5dfefefefefefefefefefefefefefe5d5dfefefefefefefefefefefefefefe5d7d2c6296eb75863c955b5b4f5b5b5ba63d,1,3746,92120,p2,,5d13fefefefefefefefefefefefefefefefefefefefefefefefefefefefefefefefefefefefefefefefefefefefefefefed6feffd6fe57b719b28dd9d68d3d3d,],a63c5b5b5b5b5b4f5b5b5b5b5b165b5b4f535b105b275b975b94373f95e0c2823c5e94d08671751375b05050eba5325596fc9696622c96962c5050967d7d50a6,"<[[[[[[[[[[[[[[[[<,,}}",5b5b5b4f5b5b953c8675eb96622c7d5dfefefefefefefefefefefefefefe5d5dfefefefefefefefefefefefefefe5d7d2c6296eb75863c955b5b4f5b5b5ba63d,"[[[[[<,}]]]]},<[[[[[",step_cap,8192,1,0,0,1,65,partner,focal,"<,,}}",-1,2,0,0,0,CROSS_TAPE_FOCAL_CLOSE
R,58,1,1934,63.0,12377,0,5b5bacac5bacacacacac3aac3c7dac7d7b412c3869a63d40a630691238e72c46415d41462ce738126930a6403da669382c417b7dac7d3cac3aacacacacac5bac,1,21701,121738,p2,,5d5c414146c72c50e71c38d3122b693c3040a63f40943d8c0ea6d4561bbc340c38d03e809ccc3d9bdc9611f2c97a26bcc896e3633cdfdc3e72503f3cdc3c3c00,"],+<><><<<0",5bcd5b3a5bacac3f5b3fac5bac3e5b5b5bacacacacacaccdacacacacacacac11acacacacac3a3adaacacacacd4ac3c7facac7dac7dd4acd42c587d007d7b7b00,"[[[[[>[[[<}},}0}{{0",5b5bacac5bacacacacac3aac3c7dac7d7b412c3869a63d40a630691238e72c46415d41462ce738126930a6403da669382c417b7dac7d3cac3aacacacacac5bac,"[[[<}}{,,],,{}}<[",step_cap,8192,1,0,0,1,65,partner,focal,"<}},}}{{",-1,2,0,0,0,CROSS_TAPE_FOCAL_CLOSE
R,58,2,2155,62.0,12377,0,2cb405169e4dff7f5bbef413b7ff677d7625252525622525252c2525253c765d5d763c2525252c2525256225252525767d67ffb713f4be5b7fff4d9e1605b42c,1,82390,79422,p2,,5d2c76103cb22525252525b12c2c2576257525256275252425253a25252525252525252525910733fd813e284dc4645c4141265b2ca848302c8d3d3d97153c2c,"],<,,>[,,<,",16681f675721b45cff900542161616d5ff3c9ea5e1e14d0743c6ffc6f5ab7f861b225b4934ebbe4830ccf47f13db13ed9eb4b7eed0c0ffffffff673c7e7d7d2c,"<[<}},",2cb405169e4dff7f5bbef413b7ff677d7625252525622525252c2525253c765d5d763c2525252c2525256225252525767d67ffb713f4be5b7fff4d9e1605b42c,",[},<]]<,}[,",step_cap,8192,1,0,0,1,65,partner,focal,"<}},",-1,2,0,0,0,CROSS_TAPE_FOCAL_CLOSE
R,60,1,2078,63.0,6475,0,58014088e4265b21badc49670e0c3c7d2c2c2c2c2c2c2c2c2c2c2c2c2c2c2c5d7d5d2c2c2c2c2c2c2c2c2c2c2c2c2c2c2c7d3c0c0e6749dcba215b26e4884001,1,112590,46932,p2,,5d2c2c2d2c2d2c2d2c2d2c2d2c2d2c2d2c2d2c2d2c2d2c2d2c2d2c2d2c2d2c2d2c2d2c2d2c2d2c2d2c2d2c2d2c2d2c2db32d2c2d2c2d2c2d2c81bf3b3b573c3c,"],,-,-,-,-,-,-,-,-,-,-,-,-,-,-,-,-,-,-,-,-,-,-,--,-,-,-,<<",d56858dbc7650147c7224040fc28880e6858e45b5e9b26fbac175b5aeb232158ca16ba29f615dc3d383f49690ef467859e0e0e0ebab30c50131a3c2c137d7d56,"[[<,}}",58014088e4265b21badc49670e0c3c7d2c2c2c2c2c2c2c2c2c2c2c2c2c2c2c5d7d5d2c2c2c2c2c2c2c2c2c2c2c2c2c2c2c7d3c0c0e6749dcba215b26e4884001,"[<},,,,,,,,,,,,,,,]}],,,,,,,,,,,,,,,}<[",step_cap,8192,1,0,0,1,65,partner,focal,"<,}}",-1,2,0,0,0,CROSS_TAPE_FOCAL_CLOSE
R,60,2,2249,62.0,6475,0,5b5b5b5b5b5b5b5b5b5b5b5be67d3c742ccde9c4c49ae931cd672c5c745d5d745c2c67cd31e99ac4c4e9cd2c743c7de65b5b5b5b5b5b5b5b5b5b5b5b7dc23cdb,1,120865,44523,p2,,5da874375c1b2c3767c4cdf2318ae95b9a2ec46337e433b1684a01c64abd58e2bd3c53efd8a9d33e4107f076c5b7f02b1b363d09093c3c3d3d09db5cdb9d3cdb,"],[.<>+<<<",c25b3c5bcf5b5b3c3c5b5b5b5b5b5b5b5b5b5b5b5b5b5b5b5b5b5b5b5b5b5b5b5b5b5b5b5b5b5b5b5b5b5b5b5b5b5b5b5b365b6d10c1e6462c3c7d3e79b23c7d,"[<[[[<<[[[[[[[[[[[[[[[[[[[[[[[[[[[[[[[[[[[[[[[[[,<}><}",5b5b5b5b5b5b5b5b5b5b5b5be67d3c742ccde9c4c49ae931cd672c5c745d5d745c2c67cd31e99ac4c4e9cd2c743c7de65b5b5b5b5b5b5b5b5b5b5b5b7dc23cdb,"[[[[[[[[[[[[}<,,]],,<}[[[[[[[[[[[[}<",step_cap,8192,1,0,0,1,65,partner,focal,",<}><}",-1,2,0,0,0,CROSS_TAPE_FOCAL_CLOSE
R,61,1,425,63.0,721,0,fe5b2c2c8d457d0cf107bb683c860f04f608a7c91e4062195eee322f2f672a2c5d2c2a672f2f32ee5e1962401ec9a708f6040f863c68bb07f10c7d458d2c2c5b,1,11837,39999,p2,,5da8d8a7499c461cc7d03a3dcb6a6e7525fcf0b8213350a79f12aed7516d9f1a989b2f2d3ba0059d129b47ed53cf927f2fd07f9927a236ac52a36379a93a3c3c,]-<<,fe2c5b812c2e2cc78d8145c17ddb0ce2f1a5077bbbd568e63cfd863a0fbd0448f68208a9a7b7c9161ea440fb62f819aa5ed5ee79327b2fdc2f66670c2a2c2c7b,",[,.,}{<{,,{",fe5b2c2c8d457d0cf107bb683c860f04f608a7c91e4062195eee322f2f672a2c5d2c2a672f2f32ee5e1962401ec9a708f6040f863c68bb07f10c7d458d2c2c5b,"[,,}<,],<},,[",step_cap,8192,1,0,0,1,65,partner,focal,",.,}{<{,,{",-1,-2,0,0,0,CROSS_TAPE_FOCAL_CLOSE
R,61,2,649,63.0,721,0,571e10045b0c2c8df02607bb683c7d5d0aba4dc05e45c0114dadbaa80afe5d5dfe0aa8baad4d11c0455ec04dba0a5d7d3c68bb0726f08d2c0c5b04101e5769f6,1,32343,115783,p2,,5dfefef20aa0a826ba68ad474db01130c012453c5ebbe007daf1260cfc7d3845358da82c142c515bff39ee268006c21e23a304f026a3441ed1066b2657f16af6,"]<},,[",5e69f022577cfafb1e9ade3c10fd8d4b0439863c5bbb078d0c7d2c8d2c8d5b398d3c1e7df0a30c0626f15b2c078d457dbbbb681c6870da163c679e027d122727,"<<[},,[<}[,}<}",571e10045b0c2c8df02607bb683c7d5d0aba4dc05e45c0114dadbaa80afe5d5dfe0aa8baad4d11c0455ec04dba0a5d7d3c68bb0726f08d2c0c5b04101e5769f6,"[,<}]]]]}<,[",step_cap,8192,1,0,0,1,65,partner,focal,",}<}",-1,2,0,0,0,CROSS_TAPE_FOCAL_CLOSE
R,64,1,695,64.0,,0,2e654fa693155bdacf89c03c2c7dd327b0621d3579fc79ce351b1da062e9b05db0e962a01d1b35ce79fc79351d62b027d37d2c3cc089cfda5b1593a64f652e2e,1,54058,79994,p2,,5d5cb052e94d62a1a0be1d6d1bb2359dcef97928fc919cb458d805741b09bba987a3a297e71ca06ff2267183720417ca8636acd0efdeb66ffa87d92e6a003b3b,].0,595b2e8f8d2065ec582b4f39279ba6da6f8b93e74fb415a17b325be8c048dac22ad3cfca71da8937f7e8c037917d3c49111b2cd00e2a7dbed3a3d38fd6b0270b,"[.+{[}<,}",2e654fa693155bdacf89c03c2c7dd327b0621d3579fc79ce351b1da062e9b05db0e962a01d1b35ce79fc79351d62b027d37d2c3cc089cfda5b1593a64f652e2e,".[<,}]},<[..",step_cap,8192,1,0,0,1,65,partner,focal,"}<,}",-1,2,0,0,0,CROSS_TAPE_FOCAL_CLOSE
R,64,2,1390,63.0,,0,ffc0cf5b4e4f2e473ec902c9aa473f7b35deec22a9344f4c4fa84f4f4f4f4f5d5d4f4f4f4f4fa84f4c4f34a922ecde357b3f47aac902c93e472e4f4e5bcfc0ff,1,129762,109058,p2,,5d5e5b5b5b5b5b5b5b5b5b5b5b5b5b5b5b5b5b5b5b5b5b5b5b5b5b5b5b5b5b5b5b5b5b5b5b5b5b5b5b5b5b5b5b5b5b5b5b5b5b5b5b5b5b5b5b5bf95b2c0001c1,"][[[[[[[[[[[[[[[[[[[[[[[[[[[[[[[[[[[[[[[[[[[[[[[[[[[[[[[[[,0",61e4ff19c089cf7b5b7a4ea64f652e3c473c3e35c93c0259c9b2aae347423f3f7b8135e0dedfecdc222fa91a344f4f4f4c4f4f4fa8634f4f4f4f4f4f4f4f4f70,{[.<<><{,ffc0cf5b4e4f2e473ec902c9aa473f7b35deec22a9344f4c4fa84f4f4f4f4f5d5d4f4f4f4f4fa84f4c4f34a922ecde357b3f47aac902c93e472e4f4e5bcfc0ff,[.>{]]{>.[,step_cap,8192,1,0,0,1,65,partner,focal,.<<><{,-2,-1,0,0,0,CROSS_TAPE_FOCAL_CLOSE
R,66,1,1935,64.0,,0,3c3c893ea0415b2cf675038b0e7d51d3f6c7aa8f7f7f7a8f3caa43c780f65d5df680c743aa3c8f7a7f7f8faac7f6d3517d0e8b0375f62c5b41a03e893c3cd335,1,42210,64313,p2,,5d5dcdf6e780e8c7904339aae63ce48f5c7aba7f6989f2e93c2e22c873a1d586f6fd5744ecd76bb0835c2129e92b777d337577413ba377e9c456403c3c60e535,]]<<.+}<<,a13d4b3c3bc1953c3c387b89d7373e3e2c354ba06b1d4b41b1037f5b5b62c12c7b2af0f6fc60067580b8e70352528b8b7b7b0e0ef7f78b7d3f7d7d513c7d7dd3,"<<<{>>,[[,{{{}}}<}}",3c3c893ea0415b2cf675038b0e7d51d3f6c7aa8f7f7f7a8f3caa43c780f65d5df680c743aa3c8f7a7f7f8faac7f6d3517d0e8b0375f62c5b41a03e893c3cd335,"<<>[,}<]]<},[><<",step_cap,8192,1,0,0,1,65,partner,focal,",{{{}}}<}}",-1,2,0,0,0,CROSS_TAPE_FOCAL_CLOSE
R,66,2,2037,63.0,,0,73e4e75b5bf1f11c1cb9b9eeee8e7d3c2c1ea35d97b453b49797125d8a8a5d129797b453b4975da31e2c3c7d8eeeeeb9b91c1cf1f15b5be7e4738a5f759cde26,1,122087,26485,p2,,237df31e1b8336a34a8ae95db312bf976197f3b4bd53dfddc8f9b2d5d18cb409018a00f0a58fd873c66ec644a1f4a481d58ea43cd5549eb4e15c57b45b3c3c3c,}]0<[<<<,8f0fa52659dee19cd075935fee8a4f7305e486e7c14d425b661255ecbbf1070f0684e71c9434b3a6aeb99ae01c7a29eea533dd8e1df80a7d88fc2c3c26d02c2c,"[},<,,",73e4e75b5bf1f11c1cb9b9eeee8e7d3c2c1ea35d97b453b49797125d8a8a5d129797b453b4975da31e2c3c7d8eeeeeb9b91c1cf1f15b5be7e4738a5f759cde26,"[[}<,]]]],<}[[",step_cap,8192,1,0,0,1,76,partner,focal,"},<,,}",-1,2,0,0,0,CROSS_TAPE_FOCAL_CLOSE
R,69,1,1954,63.0,,0,4140406c6c5b5b05052c8e6d7d670c3c5d5dd59bd7dede0ad7749b4dd53e5d5d5d5d5d5d3ed54d9b74d70adeded79bd55d5d3c0c677d6d8e2c05055b5b6c6c40,1,6495,43249,p2,,5d5d5d5d5dea3e1cd5cf4dcd9bd274c0d73b0a79de272718de81793b0ad23be5d702c05974cdd2e79b9fcde34d0ccf74d5111cb73eca96ea3e792735273c3c3c,]]]]]>>><<<,414170404040404040406c6c6c6c6c6c6c6c92925b5b5b5b5b5b05050505050505052c2c2c2c2c2c8e8e01016d6d7d7d7d7d676767670c0c0c0c7b7b3c37324e,"[[[[[[,,,,,,}}}}{{<",4140406c6c5b5b05052c8e6d7d670c3c5d5dd59bd7dede0ad7749b4dd53e5d5d5d5d5d5d3ed54d9b74d70adeded79bd55d5d3c0c677d6d8e2c05055b5b6c6c40,"[[,}<]]>]]]]]]>]]<},[[",step_cap,8192,1,0,0,1,65,partner,focal,",,,,,,}}}}{{<",-1,2,0,0,0,CROSS_TAPE_FOCAL_CLOSE
R,69,2,1982,63.0,,0,6c6c6c6c925b5b05052c2c017d670c3cf20a5d8dc1545484c1d18d1a5dfe5d1a8dd1c1845454c18d5d0af23c0c677d012c2c05055b5b926c6c6c6c4040406c6c,1,21140,114455,p2,,f25c54530a4bfef35dfe1a838d93d1a7c1bc8426544711192e873f5cd9d27a9ce79f924a91e93d8a42ac24a2e10111d00b7b2929c59709d0e808293cdc2c2e2f,"].{<,.",016c6c6c6c4040404040406c6c6c6c6c6c6c6c92925b5b5b5b5b5b05050505050505052c2c2c2c2c2c8e8e01016d6d7d7d7d7d6767677b0c0c0c7b403cf435f4,"[[[[[[,,,,,,}}}}{{<",6c6c6c6c925b5b05052c2c017d670c3cf20a5d8dc1545484c1d18d1a5dfe5d1a8dd1c1845454c18d5d0af23c0c677d012c2c05055b5b926c6c6c6c4040406c6c,"[[,,}<]]]]<},,[[",step_cap,8192,1,0,0,1,73,partner,focal,",,,,,,}}}}{{<",-1,2,0,0,0,CROSS_TAPE_FOCAL_CLOSE
R,70,1,1806,63.0,10702,0,00cb2dcf5b0fc8b5e04002e42cec7d3ccce45d5a110b0b8b11985a465d15155d465a98118b0b0b115a5de4cc3c7dec2ce40240e0b5c80f5bcf2dcb01b9ff3429,1,59077,87045,p1,,01cb2dcf5b0fc8b5e04002e42cec7d3ccce45d5a110b0b8b11985a465d15155d465a98118b0b0b115a5de4cc3c7dec2ce40240e0b5c80f5bcf2dcb01b9ff3429,"-[,}<]]]]<},[-",7da0364ca496f24c89f336a6dd3d4c36d23ff8fa14eb657a71e4bee542dd3ac190aefb18233306b8b6bb8cf578ed5ae0b5f9ddda22578c19e519c71f1fff3cff,}<,00cb2dcf5b0fc8b5e04002e42cec7d3ccce45d5a110b0b8b11985a465d15155d465a98118b0b0b115a5de4cc3c7dec2ce40240e0b5c80f5bcf2dcb01b9ff3429,"0-[,}<]]]]<},[-",ip_out_of_bounds,114,1,0,0,0,,,,,,,,,,NO_PROTO_FOUND
R,70,2,2152,64.0,10702,0,5b3c44a6512cd809a16b52dd9b45af7d14948891430e435891e688aa9443145d144394aa88e69158430e43918894147daf459bdd526ba109d82c51a6443c5b45,1,113909,93749,p2,,5d5b141843039486aa888801e6f891685885433d0e17859fb23b99d6096b883dc35b1803868801f868853d4c9f3bd66b3d4cb3e5e585173b6b612c8e2c5a3a3a,"][[,,",3c3a5b3d3ea23c2c8a6e443dffffa6712c715171476e2cb4612fd89d63dc091498d1a1a6d00a6b4b4b0c528bdddddddd63369bf72caa459d3b33af3c7d857d45,"<[><,,,,<}}",5b3c44a6512cd809a16b52dd9b45af7d14948891430e435891e688aa9443145d144394aa88e69158430e43918894147daf459bdd526ba109d82c51a6443c5b45,"[<,}]},<[",step_cap,8192,1,0,0,1,65,partner,focal,"><,,,,<}}",-1,2,0,0,0,CROSS_TAPE_FOCAL_CLOSE
R,74,1,1429,63.0,,0,96ea00371cbca2671c5bececec1ce42c7dae3c76a38337a4a360765d3c1c5a007d8d2c5be41cececec2fececec1cececec50ececec78ececec54ec7005113c3e,1,41581,116071,p2,,9696003becececececececececece42c7d5a3c76a33737a4a34e765d3c175a007dfe2c5be4ffececececececececececececececececececececec7005f33c3e,"0,}<]<0},[<>",115478501c2f1c8d1c6083ae1c5b1c67a2bc1c371cea1ceb1c9b1c113a651c3c1c461cfa1c3c1caa1cdf1ce81c6e1ced1c1d1cde1ce41caa1cb0621f62013c61,[<<<,96ea00371cbca2671c5bececec1ce42c7dae3c76a38337a4a360765d3c1c5a007d8d2c5be41cececec2fececec1cececec50ececec78ececec54ec7005113c3e,"0[,}<]<0},[<>",ip_out_of_bounds,1250,1,0,0,0,,,,,,,,,,NO_PROTO_FOUND
R,74,2,1914,63.0,,0,9b5b5b5b5b5b5b5b5b5b5b5b2c3c7d5e0cb3a6b3e1efe1ddb3a6a6a6b38a0c5d5e5d0c8ab3a6a6a6b3dde1efe1b3a6b30c5e7d3c2c5b5b5b5b5b5b5b5b5b5b5b,1,24472,80383,p2,,5d5d0c4d8a3cb3b3a6a6a6b3a6a6b3c9dd4de141ef1baeeeb2a31185e6aab45364a9e3bb86811effc42c57091620cc7d82cab0c3655165bcfdb56edb3c323c3b,"]]<,}<<",9b0c0ccc8d5b5b5b5b5b5b5b5b5b5b5b5b5b5b5b8d5b5b5b5b5b5b5b5b5b5b5b5b2c5b5b5b5b5b5b5b5b5b5b5b5b5b5b5b5b2c5b435a3c122c7d7d3b3b3b5e5e,"[[[[[[[[[[[[[[[[[[[[[[[[[[[,[[[[[[[[[[[[[[[[,[<,}}",9b5b5b5b5b5b5b5b5b5b5b5b2c3c7d5e0cb3a6b3e1efe1ddb3a6a6a6b38a0c5d5e5d0c8ab3a6a6a6b3dde1efe1b3a6b30c5e7d3c2c5b5b5b5b5b5b5b5b5b5b5b,"[[[[[[[[[[[,<}]]}<,[[[[[[[[[[[",step_cap,8192,1,0,0,1,65,partner,focal,"<,}}",-1,2,0,0,0,CROSS_TAPE_FOCAL_CLOSE
R,76,1,1313,63.0,,0,e2bfacde5b8306b86b122c2c2c3c807d1f12d761b0b0306182d79d12f31f5d7d5d1ff3129dd7826130b0b061d7121f7d803c2c2c2c126bb806835bdeacbfe281,1,18515,15872,p2,,5d5ddc1f9ff3a012c59dbad7628257619e3007b09aa0f9bb78ee2dc4ebc5800ef675f1a301b39cff8a3e4e509db3fc36bd44fd19eefcd415d486c53a3b3dfb81,]]->,3cce6ce243966cbf7b1a69aca3fdcede943bcf5b96a8348365b23706b05c0eb84a0e3a6b25ff65122c2c2c2c2c2c2c2c2c2c2c2c2c2c2c3c04b33a80ea7d1e7d,"<{[,,,,,,,,,,,,,,,<}}",e2bfacde5b8306b86b122c2c2c3c807d1f12d761b0b0306182d79d12f31f5d7d5d1ff3129dd7826130b0b061d7121f7d803c2c2c2c126bb806835bdeacbfe281,"[,,,<}]}]}<,,,[",step_cap,8192,1,0,0,1,65,partner,focal,",,,,,,,,,,,,,,,<}}",-1,2,0,0,0,CROSS_TAPE_FOCAL_CLOSE
R,76,2,2759,64.0,,0,fbdb66a803015b7ba78b73dc2e73a83effe93885442644ca85433816e9b0ff5d3e5dffb0e916384385ca4426448538e9ff3ea8732edc738ba77b5b0103a866db,1,50572,89848,p2,,5d40ff41b040e9411640384143408541ca40444126407341ba4065416f40a3419f405b41fb407842a84042413c4047413c8d3c3d7e7f7e4145517e887e7e7e7e,][<<<,fbfafb3bbc3bdb8e035266a6a828a84f4991033eb667016601205b745b727b0fd53ca72e3abf8b4e933f73732c7adc9cdba62ebf4e3f73a6a828a84b403e3e3e,">[[{<.,.>>>",fbdb66a803015b7ba78b73dc2e73a83effe93885442644ca85433816e9b0ff5d3e5dffb0e916384385ca4426448538e9ff3ea8732edc738ba77b5b0103a866db,[{.>]>]>.{[,step_cap,8192,1,0,0,1,65,partner,focal,"{<.,.>>>",2,-1,0,0,0,CROSS_TAPE_FOCAL_CLOSE
R,80,1,868,60.0,,0,915247b436cfaffdebaefa7c0742bba4cd4f5257ec447d5a9f2ce68aa13c7f5b0719bdcf557bb0322e2e2cf8edb9414706b04b20787954523e32e72a49af7e91,1,26393,67666,p2,,915247b436cfaffdebaefa7c0742bba4cd4f5257ec447d5a9f2ce68aa13c7f5b0719bdcf557bb0322e2e2cf8edb9414706b04b20787954523e32e72a49af7e91,"},<[{..,>",5d3c2ca3cbbd171531d524609ed3d63e9e2b789f1ef09a4ebad0782b727ce84bbd563f19012a93669f85c1a9e6246b9bfbf5b12359267f6ac1583c93da3c4530,"]<,>++<<",915247b436cfaffdebaefa7c0742bba4cd4f5257ec447d5a9f2ce68aa13c7f5b0719bdcf557bb0322e2e2cf8edb9414706b04b20787954523e32e72a49af7e91,"},<[{..,>",bracket_mismatch,1,1,0,0,0,,,,,,,,,,NO_PROTO_FOUND
R,80,2,964,60.0,,0,e8faa2ba6bededcfaffdb098fa7c0742bbfdcd4f5257ec447d5a9f2ce68aa13c7f5b0734bdcf557bb0322eba2ced90b941479fb04b20ee7854523e4ae7980a0a,1,48211,60001,p1,,bdfaa2ba6bededcfaffdb098fa7c0742bbfdcd4f5257ec447d5a9f2ce68aa13c7f5b0734bdcf557bb0322eba2ced90b941479fb04b20ee7854523e4ae7980a0a,"},<[{.,>",b2b2b2674bedb8d538036fca1f23b20caa74da3fb04b990b9fbea7cb5c55148e3267caf14d73a98083624dd7575c4f48ce3b74453d9f96c13d3d7eb3f33c24e8,<,e8faa2ba6bededcfaffdb098fa7c0742bbfdcd4f5257ec447d5a9f2ce68aa13c7f5b0734bdcf557bb0322eba2ced90b941479fb04b20ee7854523e4ae7980a0a,"},<[{.,>",ip_out_of_bounds,128,1,0,0,0,,,,,,,,,,NO_PROTO_FOUND
R,90,1,1907,63.0,2256,0,115b5b282aac3085b7c3c64719eb6e2c912c9fbf6a80b764b3394b7d3c4b5d60605d4b3c7d4b39b364b7806abf9f2c912c6eeb1947c6c3b78530ac2a285b5b11,1,116640,111861,p2,,5d22602d68383f8b86a247a1213f47f63f223990e4ef27d38827a43e3e92dde4b6094643bbd7caaac23877dcdb96e6299fc814c926064e917b6c3445913c913c,]->>{<<,5b7c7b3f073fe33f113028652a98ac14307b85d3b7cbc30dc66247ef192eebb06ef82cd2916c2c409fffbf306a7080a3b74a646cb3e839994b6b7d3c3c884b4b,"[{{.,,}<<",115b5b282aac3085b7c3c64719eb6e2c912c9fbf6a80b764b3394b7d3c4b5d60605d4b3c7d4b39b364b7806abf9f2c912c6eeb1947c6c3b78530ac2a285b5b11,"[[,,}<]]<},,[[",step_cap,8192,1,0,0,1,65,partner,focal,"{{.,,}<<",-2,-1,0,0,0,CROSS_TAPE_FOCAL_CLOSE
R,90,2,2256,63.0,2256,0,26622c28c7e2bce1f26cef21e55b762c7dbf47ef17ed6017c5efed473cbf5d7d5dbf3c47edefc51760ed17ef47bf7d2c765be521ef6cf2e1bce2c7282c6226cc,1,57175,20285,p2,,7d7d7c5d5abf153c3c47d0ed97ef50c585176760eded7dd43cfa75216d2e263e4a69b856cd90acc159bce491fc86ddc773de041d4dc7ec3cffa254852c193c3c,"}}]<<}<.><,<<",d1cc8026b762cc2c9f28ac6c6cfec21acec70c1a91e28a750bbc197d6fe1f0c7f8f2c7f0826cc2ed94ef0b6ff821936273e5a8f1725b3db63c762c2c3d2c1111,",}[<,,,",26622c28c7e2bce1f26cef21e55b762c7dbf47ef17ed6017c5efed473cbf5d7d5dbf3c47edefc51760ed17ef47bf7d2c765be521ef6cf2e1bce2c7282c6226cc,",[,}<]}]<},[,",step_cap,8192,1,0,0,1,68,partner,focal,"<,,,}}",-1,2,0,0,0,CROSS_TAPE_FOCAL_CLOSE
R,94,1,1804,63.0,,0,3f5b36d101717af93c487029cf0b7d2c5d327d25a23d3d46a22e25e27d3c32cc5dcc323c7de2252ea2463d3da2257d325d2c7d0bcf2970483cf97a7101d1365b,1,57239,2938,p2,,5d5dcc3232493c2e7da4e271251b2ecba29746893d886fef24673c1d87131b9137f12cd6a8b6ecce1339a412fdc5cbb477b7109b2a7214349f3c4d3c3c3c383c,"]]<.}.<,<<<<<",213f3f3f5b752c5c365c5c5fd15ceb0301e601d0712316027a857082f97068df3cf881eb48707464708196c229a5a39dcfebb7020bd853ad7d9e2b2c2c9e7d73,"[,<}+,,}",3f5b36d101717af93c487029cf0b7d2c5d327d25a23d3d46a22e25e27d3c32cc5dcc323c7de2252ea2463d3da2257d325d2c7d0bcf2970483cf97a7101d1365b,"[<},]}.}<]<}.}],}<[",step_cap,8192,1,0,0,0,,,,,,,,,,NO_PROTO_FOUND
R,94,2,2978,63.0,,0,db897af82444bf2296205bce609d8bc733a682f0339d5b22f27bf5f7013e2e975d519797ba452e7c7a3e3e7a7c2e45ba9797515d972e3e01f7f57bf2225b9d33,1,102621,27846,p2,,3efa3e3e3c3e3eec7aeded7c9f2e2e2e16454558ba2f2f973897976a5d5151a080969696192c2ce83a8585963d9696a7e74949c63abababa42273c3c3f803b3f,">>><>>...],,<<",f082a633c78b9d60ce5b209622bf4424f87a89dbbef210a97bf852e3baeb373d0cf5b3f48c136cf9666b3d8220f7aa6b176b5c3c012ee13b71012c39d43bd42e,"[{<.,.",db897af82444bf2296205bce609d8bc733a682f0339d5b22f27bf5f7013e2e975d519797ba452e7c7a3e3e7a7c2e45ba9797515d972e3e01f7f57bf2225b9d33,[[{>.].>>.].>{[,step_cap,8192,1,0,0,0,,,,,,,,,,NO_PROTO_FOUND
R,95,1,1730,64.0,,0,98a95b1cc8b2d73b3c2c1280e1ba4a42e3c47d851a5d85907dfaf4c4b67fb6c4f4fa7d90855d1a857dc4e3424abae180122c3c3bd7b2c81c5ba998d5ebd1a23b,1,26296,63738,p2,,e3667fd1b636c424f467fa467de990d085595d611be5152cf3487c1bc7a3977273ce4f36d815e7119966b8ed53cb25a150b8601779aee360b8871be9e30a7e3b,"}],",a219d13ceb26d5b598c1a9755b6a1c8ec888b286d73f3ba53cd9dba42dbb324b12120b5780d6fd94e1cb4008c950baa95c47bf0d4a38ae35ed2c423b372f3b7d,"<[<-,}",98a95b1cc8b2d73b3c2c1280e1ba4a42e3c47d851a5d85907dfaf4c4b67fb6c4f4fa7d90855d1a857dc4e3424abae180122c3c3bd7b2c81c5ba998d5ebd1a23b,"[<,}]}}]},<[",step_cap,8192,1,0,0,0,,,,,,,,,,NO_PROTO_FOUND
R,95,2,2883,63.0,,0,2020111a5b5b165b5b16385b442c3c7d4d5d3b2cee3b2c2c1d3b2cee2d2cf53b2c2c3bf52c2dee2c3b1d2c2c3bee2c3b5d4d7d3c2c445b38165b5b165b5b1a11,1,35501,52815,p2,,20683c3c3cff3c3c3c3cbcfbd33c3c2c2b2caf3afb3cca7e3b3c3c3abd3a3f87de3f3c3c49253c7a3d3c3b88ea3b41c93d1f3f880086d43fa8253f3f3ceabd29,"<<<<<<<<<,+,<<<<<<<0<",3e16111a5b5b165b5b16385b442c3c7d4d5d3b2cee3b2c2c1d3b2cee2d2cf53b2c2c3bf52c2dee2c3b1d2c2c3bee2c3b5d4d7d3c2c445b38165b5b165b5b1a11,">[[[[[,<}],,,,-,,,,-,,,,]}<,[[[[[",2020111a5b5b165b5b16385b442c3c7d4d5d3b2cee3b2c2c1d3b2cee2d2cf53b2c2c3bf52c2dee2c3b1d2c2c3bee2c3b5d4d7d3c2c445b38165b5b165b5b1a11,"[[[[[,<}],,,,-,,,,-,,,,]}<,[[[[[",step_cap,8192,1,0,0,0,,,,,,,,,,NO_PROTO_FOUND
R,99,1,1740,63.0,10543,0,979714d35bc250ee7b3b3b3b3b3e2e28cb35092ed7f84e0df8e0d7972e2a0983355d3583092a2e97d7e0f80d4ef8d72e0935cb282e3e3b3b3b3b7bee50c25bd3,1,3170,19393,p2,,5d9d3535833d09322a342e439797d735e0c1f8550d4e2bd1d8ff0ec06ff1a6484565171261a9a3cab78854db410bc2ab080c0b6c0c14290c450c2c3aedb8b8ed,"].+,",1818973b3bf714733e89d3ab3b4a5b7d2830c2f43bcf50392e8bee173ba47b5ccb973b143ed33b5b28c23b502eee3b7bcb3b3e3b283b2e3bcb3e282ecb28cbcb,>[}.{>[.{>.>.,979714d35bc250ee7b3b3b3b3b3e2e28cb35092ed7f84e0df8e0d7972e2a0983355d3583092a2e97d7e0f80d4ef8d72e0935cb282e3e3b3b3b3b7bee50c25bd3,[{>...]...>{[,step_cap,8192,1,0,0,1,65,partner,focal,.{>.>.,2,-1,0,0,0,CROSS_TAPE_FOCAL_CLOSE
R,99,2,2208,61.0,10543,0,ad930b7d2c1c5b5bff987d55c92c3c9d391ad59d19bcba17bc8219d79dd7d5821a5d1a82d5d79dd71982bc17babc199dd51a399d3c2cc9557d98ff5b5b1c2c7d,1,102941,89034,p2,,5d601ad6823bd53ad79d9d61d754198282d6bcba17d65b3ca73ad75a5a3ad73b53aeaed6f0ba37d63dbb4a3bd78d8d3a3c3ac08484d6c1c13cd63dc16d10c110,][<<<,9340ad3c936a0b4fd4637d9373ff2cc1b2661c8f5b8f5be95b665bb25bc1ff2cffff987380937d7d976355d47d4fc90b22bf2c277bd03c91e2579d397c7e3939,"<},[[[[[,}}},{<",ad930b7d2c1c5b5bff987d55c92c3c9d391ad59d19bcba17bc8219d79dd7d5821a5d1a82d5d79dd71982bc17babc199dd51a399d3c2cc9557d98ff5b5b1c2c7d,"},[[},<]<,}[[,}",step_cap,8192,1,0,0,1,65,partner,focal,",}}},{<",-1,2,0,0,0,CROSS_TAPE_FOCAL_CLOSE
