regime,seed,event_rank,event_epoch,event_score,event_selfrep_index,event_tape_hex,takeover_epoch
N,5,1,754,63.0,0,809aaa5bf8cb3c7d5082effd2c03a0e85df6471f5534344655cb1f9a478df6d95dd9f68d479a1fcb55463434551f47f65de8a0032cfdef82507d3ccbf85baa9a,
N,5,2,1400,63.0,0,5e5f8ea628ef80a6517e0c5bfc092e2cff7ba1e716bf08353e9ff5c9afc75d4b4b5dc7afc9f59f3e3508bf16e7a17bff2c2e09fc5b0c7e51a680ef28a68e5f5e,
N,10,1,20,62.0,0,8d7c983abe5b7dac21b9c2a32cc31c493c8c5e61faeb88ebdafa9861785e918c5d5d8c915e786198fadaeb88ebfa615e8c3c491cc32ca3c2b921ac7d5bbe3a98,
N,10,2,1528,63.0,0,b67e6af3395b2e7bd3e90fd30e4b9e3e5dfefefefefefefefefefefefefefefe5d5dfefefefefefefefefefefefefefefe5d3e9e4b0ed30fe9d37b2e5b39f36a,
N,14,1,54,64.0,0,5b9c229811bd5987b9aaee7fdaa0147b746259a4d12ed524dc099acc3e085d5d083ecc9a09dc24d52ed1a45962747b14a0da7feeaab98759bd1198229c5ba7a7,
N,14,2,1052,64.0,0,553ac95b2491273cfe892a432c7d1d5d1718181818181818181818181818170e5d5d0e1718181818181818181818181818175d1d7d2c432a89fe3c2791245bc9,
N,17,1,652,64.0,0,5b617be1d426a9f96e932eeca9a43e5dd380dff8fe6667cafe2d8efe480848fe8e2dfeca6766fef8df80d35d3ea4a9ec2e936ef9a926d4e17b615b377075371e,
N,17,2,1049,63.0,0,9905a45bd4fdd94e6a7dda9b3c52692c5db7b7b7b7b7b7b7b7b7b7b7b7b7b7275d27b7b7b7b7b7b7b7b7b7b7b7b7b7b75d2c69523c9bda7d6a4ed9fdd45ba405,
N,18,1,169,63.0,0,485b64bf262c1b4d6a0c3c7d299aded02c1fabfdf3efef3af391fd12ab341f5d1f34ab12fd91f33aefeff3fdab1f2cd0de9a297d3c0c6a4d1b2c26bf645b4898,
N,18,2,933,62.0,0,8a8ab45acbcf5b3e01141d2e987b4e85044aa54fc51616161699c5694f9fa5844a5d4a84a59f4f69c59916161616c54fa54a04854e7b982e1d14013e5bcfcb5a,
N,23,1,145,63.0,0,54f03c5b5a7d66989c0f1c2b2c17883c885d89a098cece309894a039897a5f7a8939a0949830cece98a0895d883c88172c2b1c0f9c98667d5a5b3cf054b272a4,
N,23,2,1491,63.0,0,dee55b8710763c7dd52cb99c4961fac15d4b0e2d38c6c6c638382d410e0e4bd15dd14b0e0e412d3838c6c6c6382d0e4b5dc1fa61499cb92cd57d3c7610875be5,
N,26,1,255,63.0,0,4e5734875b7b44322faa3e51bc2e8cb05dd0521dc02a2ae3c0781de65278d03d5d3dd07852e61d78c0e32a2ac01d52d05db08c2ebc513eaa2f32447b5b873457,
N,26,2,369,63.0,0,634bb5cabdc11e5b2e58e1ad4ba8908c3ef9e0f2c3bdbd7cc3bff26ae07bf95d5df97be06af2bfc37cbdbdc3f2e0f93e8c90a84bade1582e5b1ec1bdcab54b63,
N,28,1,282,62.0,0,6a033eec7a96e643015b0d3bb7a77d3c2cc5d84c65ffff0265884c38d85dd8384c886502ffff654cd8c52c3c7da7b73b0d5b0143e6967aec3e036a9f1ffd6116,
N,28,2,935,63.0,0,755b04e83c7d434a738192c76e2c4f01fa5db365324545d632866519b30b5d1f1f5d0bb319658632d645453265b35dfa014f2c6ec79281734a437d3ce8045b75,
N,30,1,433,62.0,0,626237609d5f5b22213e922e3afc92117b6e4735964b609a4b5996323591471a6e5d6e1a4791353296594b9a604b9635476e7b1192fc3a2e923e21225b5f9d60,
N,30,2,1517,62.0,0,dc76935b5c28d1ba7db1242c3ca242a55d2445f460c5c573606ff417452b24465d46242b4517f46f6073c5c560f445245da542a23c2c24b17dbad1285c5b9376,
N,32,1,710,63.0,0,2f04e05b2e59788b345e3e4dd7b67be55d83878b8f9393918f8d8b89878583815d5d81838587898b8d8f9193938f8b87835de57bb6d74d3e5e348b78592e5be0,
N,32,2,787,63.0,0,5c5bda3e2fb1e5347b2e1d368192fb097ce93ace530fc5b2adcb5d0a866ac98787c96a860a5dcbadb2c50f53ce3ae97c09fb9281361d2e7b34e5b12f3eda5b5c,
N,35,1,1412,63.0,0,605bb982a6ae2ec95aa9f14c7cd8bf81b23edf76827f179b4a3286707b395da35d397b7086324a9b177f8276df3eb281bfd87c4cf1a95ac92eaea682b95b605f,
N,35,2,1602,63.0,0,af2048691e403a5b88887f951e2c3c7d5d7a58179d1c1c029d6e179458de7af45d5df47ade5894176e9d021c1c9d17587a5d7d3c2c1e957f88885b3a401e6948,
N,45,1,689,63.0,0,e864765b552e55635210257b5a721bdc35ab5c958cf4f4998c3e95aa5c8dab5d5dab8d5caa953e8c99f4f48c955cab35dc1b725a7b25105263552e555b7664e8,
N,45,2,775,63.0,0,d85b2e4d3e9088602a3326c7977be3c35d4fdf5c420202f442fa5c3ddff74f705da7c3d5e3f27be897fdc728264b33be2a8960ff887890b83e8c4d942ef15b1d,
N,49,1,1016,63.0,0,b35b3ef8b417707bc12e8ceca2c7cbce5d0e0e0e0e0e0e0e0e0e0e0e0e0e0e0d5d0d0e0e0e0e0e0e0e0e0e0e0e0e0e0e5dcecbc7a2ec8c2ec17b7017b4f83e5b,
N,49,2,1500,62.0,0,28f64aa1d88f970182bc5bc3957d2c3c919cf6b32096db96b4204fb3e4f68e9c5d5d9c8ef6e4b34f20b496db9620b3f69c913c2c7d95c35bbc8201978fd8a14a,
N,61,1,879,63.0,0,9b5b5ea7577b9253ec3e02f81dbe44f0c92e1a48874419e79d25be9ef59e5de79ce75d9ef59ebe259de7194487481a2ec9f044be1df8023eec53927b57a75e5b,
N,61,2,1624,63.0,0,370e7e5b047b6855ca723ebc42382ec7d33f355122bf12cd1a7fdf221f5773a2e848135d2ca6f53c1c117d99f134b27cb9c4256b61ea66257e94ebb05b2c7428,
N,63,1,442,64.0,0,bebe4e5b367b2457d42e213ebc3567df5dc72f3c8a3131118ab13cda2fdec79090c7de2fda3cb18a1131318a3c2fc75ddf6735bc3e212ed457247b365b4ebebe,
N,63,2,613,62.0,0,1515bfadcadff1068b5ba511cf3e2e7b506b63b18ef3d916f3158e38b1b663d16b5d6bd163b6b1388e15f316d9f38eb1636b507b2e3ecf11a55b8b06f1dfcaad,
N,71,1,126,63.0,0,6f370f60cf8b755b7bd33ea62ebf4fbc5dbfd4689185f99134688cd43ebf9d5d5d9dbf3ed48c683491f9859168d4bf5dbc4fbf2ea63ed37b5b758bcf600f376f,
N,71,2,614,63.0,0,e75bfd58df627d0a3c232c845ae5b3b25d4204ba2b9696812b66ba2204e742215d2142e70422ba662b8196962bba04425db2b3e55a842c233c0a7d62df58fd5b,
N,73,1,86,62.0,0,5ecb22b35b0c7d876451e4f3f2e72c65423c5d584e704c6370824e1458415d5d4158144e8270634c704e585d3c42652ce7f2f3e45164877d0c5bb322cb5ea2ef,
N,73,2,437,63.0,0,a8d7971b4a5b2e3ecc3059197bec92dd5d5d4e824f8f8f134f8982a64e835d575d5d575d834ea682894f138f8f4f824e5d5ddd92ec7b195930cc3e2e5b4a1b97,
N,79,1,555,63.0,0,4e6822fb64105b9d6ca53f2ee53e8c7bc4b3b3b3b3b3b3b3b3b3b3b3b3b3b3b35db3b3b3b3b3b3b3b3b3b3b3b3b3b3b3c47b8c3ee52e3fa56c9d5b1064fb2268,
N,79,2,965,63.0,0,f65bbb69c23c7da61719c12c20263f035da10d0a238282d623200a130d9aa1c85dc8a19a0d130a2023d68282230a0da15d033f26202cc11917a67d3cc269bb5b,
N,80,1,913,63.0,0,85f95ba1293e25237b4726eb2e9cb3455d5b5b5b5b5b5b5b5b5b5b5b5b5b5b5b5d5b5b5b5b5b5b5b5b5b5b5b5b5b5b5b5d45b39c2eeb26477b23253e29a15bf9,
N,80,2,1595,62.0,0,ead692073e0be85b173cd07deeed2c40ca393939393939393939393939393939395d5d39393939393939393939393939393939ca402cedee7dd03c175be80b3e,
N,83,1,476,63.0,0,5b5b7d770250be79b7bccd16d5f23c312cc5b05df743fd2851368efd86436a84846a4386fd8e365128fd43f75db0c52c313cf2d516cdbcb779be5002777d5b5b,
N,83,2,1500,63.0,0,929cb1551d5b7d9304c2b2bf3cc02c745dac5b39fed9d97ffef439065baeac8a5d8aacae5b0639f4fe7fd9d9fe395bac5d742cc03cbfb2c204937d5b1d55b19c,
N,85,1,642,63.0,0,6a6ccffc2a8b872a5b2cc81d633c7d6a5d6cdae28e0606888eabe212da0f6c755d5d756c0fda12e2ab8e8806068ee2da6c5d6a7d3c631dc82c5b2a878b2afccf,
N,85,2,744,63.0,0,7c8f3882eecb04f45b2c3435e446697d26128c5e8c4545a38c3c5e5d5d5e3c8ca345458c5e8c12267d6946e435342c5bf404cbee82388f7c962bd972d5779b34,
N,87,1,772,64.0,0,5b7b2e988f8eec6a3e2663ee19ecae7e5dca79c8c1f50ac14fc8fa798eca9a5d9aca8e79fac84fc10af5c1c879ca5d7eaeec19ee63263e6aec8e8f982e7b5b71,
N,87,2,1486,63.0,0,8767a251c3ea935b32e9b82e411e3e7b5d5b5b5b5b5b5b5b5b5b5b5b5b5b5b5b5d5d5b5b5b5b5b5b5b5b5b5b5b5b5b5b5b5d7b3e1e412eb8e9325b93eac351a2,
N,88,1,350,63.0,0,d4465b7b6a9fdec2b95a755e3b3e602e5cba462898984428ab466aba195c5d5d5c19ba6a46ab284498982846ba5c2e603e3b5e755ab9c2de9f6a7b5b46d484af,
N,88,2,1172,63.0,0,c2d5e9ba1c7e40f75b4c62872ed07b023eacfe3439933439523496fe25ac5d5dac25fe9634523934933934feac3e027bd02e87624c5bf7407e1cbae9d5c20f82,
N,91,1,106,64.0,0,3b5b3ca3a99f2cb2b949167d702a48b05de82ca4d08fa0d031a4032c27e8e45de4e8272c03a431d0a08fd0a42ce85db0482a707d1649b9b22c9fa9a33c5b3bcc,
N,91,2,1207,63.0,0,1c0c5b6792f328b7167b3e212e64a3025d8a8a8a8a8a8a8a8a8a8a8a8a8a8a8a5d8a8a8a8a8a8a8a8a8a8a8a8a8a8a8a5d02a3642e213e7b16b728f392675b0c,
N,99,1,421,63.0,0,bbca5bcd0f2cee3c597dd56c837fd8655d722c512f1b1b752f01514d2c1272455d5d4572122c4d51012f751b1b2f512c725d65d87f836cd57d593cee2c0fcd5b,
N,99,2,772,63.0,0,515b29b99a7dd9ee8ab9776a7f3c612c5da5cd686868686868686868cd49a5825d82a549cd686868686868686868cda55d2c613c7f6a77b98aeed97d9ab9295b,
R,1,1,1777,64.0,0,485ba43cf5b33f091463972c2c7d0a3d5ddadf1e347676ec34a01e1edf40da2cda40df1e1ea034ec7676341edfda5d3d0a7d2c2c976314093fb3f53ca45b4834,
R,1,2,1791,62.0,0,62477d2c2c97635b0b3cf97d71822c5d5bcd60e4ade41660facd465b7f5d5d7f5b46cdfa6016e4ade460cd5b5d2c82717df93c0b5b63972c2c7d47621e030303,
R,6,1,2102,63.0,0,4cd18243e3a5c2ff5b5b5b3c7d5e252c5df02bc6b6b603c67b2b72f0865d86f0722b7bc603b6b6c62bf05d2c255e7d3c5b5b5bffc2a5e34382d14cf725e292b0,
R,6,2,2713,62.0,0,95e7e5343d2c5b575b7d574a2c57f03c38f63d5d957affc1e7d93dd9e7c1ff7a955d3df6383cf0572c4a577d5b575b2c3d34e5e7957affc1e7d9c937e5ad1e59,
R,9,1,1686,63.0,0,3b5b3f3e7b3eb28888883c888851888888ff888888885434cef17f2e534e4d4d5d4d4d4e532e7ff1ce345488888888ff8888885188883c888888b23e7b3e3f5b,
R,9,2,2876,64.0,0,781a5b78785b9393d5e2e25b9341609448602941d5fd1c939f933cfd2c78287dd5937678d55dd5787693d57d28782cfd3c939f931cfdd541296048946041935b,
R,10,1,1043,62.0,0,2c6c72115b3e66d84316c1372e2f387b5db4551d0163632201aa1d8e553bb4f65df6b43b558e1daa01226363011d55b45d7b382f2e37c11643d8663e5b11726c,
R,10,2,2594,63.0,0,5b5bb5b38074383e757b2e010db601de8e01afeb2e0eae1a6a8b3e3d0f3c405d035d403c0f3d3e8b6a1aae0e2eebaf018ede01b60d012e7b753e387480b3b55b,
R,15,1,1650,63.0,0,03cf5b44d8e31b222c77e47dda5e003c5dad57c17a0b0b527a10c1a557dfad0c5d793c00005e5e4fdada7d45e4d977602cac22ee1bafe3bed8f844535b03cf02,6511
R,15,2,2511,63.0,0,105b5b2c5b5b5bba69780f7e8e2c7d3c5d105d5d105d105d5d105d5d105d5d5d5d105d5d105d5d105d105d5d105d3c7d2c8e7e0f7869ba5b5b5b2c5b5b105b67,6511
R,21,1,231,63.0,0,dc710f468a5bf657e31da17dd0173c2cb6585d9f1880af189b9f855d1f1f5d859f9b18af80189f5d58b62c3c17d07da11de357f65b8a460f71dc72cd70170eda,10554
R,21,2,398,63.0,0,2f68e4495b0c50aa2ebc7b3e15525a465da7eaaf2294948c2248af2ceaaaa7655d5d65a7aaea2caf48228c949422afeaa75d465a52153e7bbc2eaa500c5b49e4,10554
R,37,1,2683,63.0,0,b32540ea105bb9013cd1f669997d792c5d3b17cc333a331fcc4317903bf15df13b901743cc1f333a33cc173b5d2c797d9969f6d13c01b95b10ea4025b308f16e,
R,37,2,2769,64.0,0,6a2c5b5b5b5b5b5b5b363c552c7d3b5d3d784d3d0f803dfa4d3d78913dea5d5dea3d91783d4dfa3d800f3d4d783d5d3b7d2c553c365b5b5b5b5b5b5b2c6a6ad1,
R,45,1,275,63.0,0,0b3e66077cd85b10713c6d1c214ee12c7d33b6fff1dfdf0ef103ff39b631335d5d3331b639ff03f10edfdff1ffb6337d2ce14e211c6d3c71105bd87c07663e0b,
R,45,2,2855,63.0,0,4777b2a4d057b55b9296f6bff62079b72c7d3a5ab83a3a6bb8ff5a3c3a5d3a3c5affb86b3a3ab85a3a7d2cb77920f6bff696925bb557d0a4b27747449e3b3b9e,
R,49,1,467,64.0,0,015b7bb2377f2e57b11406a93843723e5d2ea1d942544277d98fa18e2ef45d61615df42e8ea18fd977425442d9a12e5d3e724338a90614b1572e7f37b27b5b01,504
R,49,2,504,62.0,0,3e3e51515555e8e83d3d0202015b7bb2377f2e57b11406a93843723e5d2ea1d942544277d977425442d9a12e5d3e724338a90614b1572e7f37b27b5b0160a27d,504
R,56,1,3025,63.0,0,8aab5b5bab5b5bab5b93aba3b22ee03e3a26d35a268126817b268a5a26d35a265d265ad3265a8a267b812681265ad3263a3ee02eb2a3ab935bab5b5bab5b5bab,
R,56,2,3067,63.0,0,80e27b339178575b5a7c427b9dbc2e15a0e49cb7e2e3ea7430709c42dd3e5d5b5b5b5d3edd429c703074eae3e2b79ce4a0152ebc9d7b427c5a5b577891337be2,
R,57,1,1858,63.0,0,84efbd3c335b0606060661e493e0e27d18f23d3d2c3d2c3d3d4b3d3cf235185d5d1835f23c3d4b3d3d2c3d2c3d3df2187de2e093e461060606065b333cbdef84,9582
R,57,2,2391,64.0,0,5b5b5b4f5b5b953c8675eb96622c7d5dfefefefefefefefefefefefefefe5d5dfefefefefefefefefefefefefefe5d7d2c6296eb75863c955b5b4f5b5b5ba63d,9582
R,58,1,1934,63.0,0,5b5bacac5bacacacacac3aac3c7dac7d7b412c3869a63d40a630691238e72c46415d41462ce738126930a6403da669382c417b7dac7d3cac3aacacacacac5bac,12377
R,58,2,2155,62.0,0,2cb405169e4dff7f5bbef413b7ff677d7625252525622525252c2525253c765d5d763c2525252c2525256225252525767d67ffb713f4be5b7fff4d9e1605b42c,12377
R,60,1,2078,63.0,0,58014088e4265b21badc49670e0c3c7d2c2c2c2c2c2c2c2c2c2c2c2c2c2c2c5d7d5d2c2c2c2c2c2c2c2c2c2c2c2c2c2c2c7d3c0c0e6749dcba215b26e4884001,6475
R,60,2,2249,62.0,0,5b5b5b5b5b5b5b5b5b5b5b5be67d3c742ccde9c4c49ae931cd672c5c745d5d745c2c67cd31e99ac4c4e9cd2c743c7de65b5b5b5b5b5b5b5b5b5b5b5b7dc23cdb,6475
R,61,1,425,63.0,0,fe5b2c2c8d457d0cf107bb683c860f04f608a7c91e4062195eee322f2f672a2c5d2c2a672f2f32ee5e1962401ec9a708f6040f863c68bb07f10c7d458d2c2c5b,721
R,61,2,649,63.0,0,571e10045b0c2c8df02607bb683c7d5d0aba4dc05e45c0114dadbaa80afe5d5dfe0aa8baad4d11c0455ec04dba0a5d7d3c68bb0726f08d2c0c5b04101e5769f6,721
R,64,1,695,64.0,0,2e654fa693155bdacf89c03c2c7dd327b0621d3579fc79ce351b1da062e9b05db0e962a01d1b35ce79fc79351d62b027d37d2c3cc089cfda5b1593a64f652e2e,
R,64,2,1390,63.0,0,ffc0cf5b4e4f2e473ec902c9aa473f7b35deec22a9344f4c4fa84f4f4f4f4f5d5d4f4f4f4f4fa84f4c4f34a922ecde357b3f47aac902c93e472e4f4e5bcfc0ff,
R,66,1,1935,64.0,0,3c3c893ea0415b2cf675038b0e7d51d3f6c7aa8f7f7f7a8f3caa43c780f65d5df680c743aa3c8f7a7f7f8faac7f6d3517d0e8b0375f62c5b41a03e893c3cd335,
R,66,2,2037,63.0,0,73e4e75b5bf1f11c1cb9b9eeee8e7d3c2c1ea35d97b453b49797125d8a8a5d129797b453b4975da31e2c3c7d8eeeeeb9b91c1cf1f15b5be7e4738a5f759cde26,
R,69,1,1954,63.0,0,4140406c6c5b5b05052c8e6d7d670c3c5d5dd59bd7dede0ad7749b4dd53e5d5d5d5d5d5d3ed54d9b74d70adeded79bd55d5d3c0c677d6d8e2c05055b5b6c6c40,
R,69,2,1982,63.0,0,6c6c6c6c925b5b05052c2c017d670c3cf20a5d8dc1545484c1d18d1a5dfe5d1a8dd1c1845454c18d5d0af23c0c677d012c2c05055b5b926c6c6c6c4040406c6c,
R,70,1,1806,63.0,0,00cb2dcf5b0fc8b5e04002e42cec7d3ccce45d5a110b0b8b11985a465d15155d465a98118b0b0b115a5de4cc3c7dec2ce40240e0b5c80f5bcf2dcb01b9ff3429,10702
R,70,2,2152,64.0,0,5b3c44a6512cd809a16b52dd9b45af7d14948891430e435891e688aa9443145d144394aa88e69158430e43918894147daf459bdd526ba109d82c51a6443c5b45,10702
R,74,1,1429,63.0,0,96ea00371cbca2671c5bececec1ce42c7dae3c76a38337a4a360765d3c1c5a007d8d2c5be41cececec2fececec1cececec50ececec78ececec54ec7005113c3e,
R,74,2,1914,63.0,0,9b5b5b5b5b5b5b5b5b5b5b5b2c3c7d5e0cb3a6b3e1efe1ddb3a6a6a6b38a0c5d5e5d0c8ab3a6a6a6b3dde1efe1b3a6b30c5e7d3c2c5b5b5b5b5b5b5b5b5b5b5b,
R,76,1,1313,63.0,0,e2bfacde5b8306b86b122c2c2c3c807d1f12d761b0b0306182d79d12f31f5d7d5d1ff3129dd7826130b0b061d7121f7d803c2c2c2c126bb806835bdeacbfe281,
R,76,2,2759,64.0,0,fbdb66a803015b7ba78b73dc2e73a83effe93885442644ca85433816e9b0ff5d3e5dffb0e916384385ca4426448538e9ff3ea8732edc738ba77b5b0103a866db,
R,80,1,868,60.0,0,915247b436cfaffdebaefa7c0742bba4cd4f5257ec447d5a9f2ce68aa13c7f5b0719bdcf557bb0322e2e2cf8edb9414706b04b20787954523e32e72a49af7e91,
R,80,2,964,60.0,0,e8faa2ba6bededcfaffdb098fa7c0742bbfdcd4f5257ec447d5a9f2ce68aa13c7f5b0734bdcf557bb0322eba2ced90b941479fb04b20ee7854523e4ae7980a0a,
R,90,1,1907,63.0,0,115b5b282aac3085b7c3c64719eb6e2c912c9fbf6a80b764b3394b7d3c4b5d60605d4b3c7d4b39b364b7806abf9f2c912c6eeb1947c6c3b78530ac2a285b5b11,2256
R,90,2,2256,63.0,0,26622c28c7e2bce1f26cef21e55b762c7dbf47ef17ed6017c5efed473cbf5d7d5dbf3c47edefc51760ed17ef47bf7d2c765be521ef6cf2e1bce2c7282c6226cc,2256
R,94,1,1804,63.0,0,3f5b36d101717af93c487029cf0b7d2c5d327d25a23d3d46a22e25e27d3c32cc5dcc323c7de2252ea2463d3da2257d325d2c7d0bcf2970483cf97a7101d1365b,
R,94,2,2978,63.0,0,db897af82444bf2296205bce609d8bc733a682f0339d5b22f27bf5f7013e2e975d519797ba452e7c7a3e3e7a7c2e45ba9797515d972e3e01f7f57bf2225b9d33,
R,95,1,1730,64.0,0,98a95b1cc8b2d73b3c2c1280e1ba4a42e3c47d851a5d85907dfaf4c4b67fb6c4f4fa7d90855d1a857dc4e3424abae180122c3c3bd7b2c81c5ba998d5ebd1a23b,
R,95,2,2883,63.0,0,2020111a5b5b165b5b16385b442c3c7d4d5d3b2cee3b2c2c1d3b2cee2d2cf53b2c2c3bf52c2dee2c3b1d2c2c3bee2c3b5d4d7d3c2c445b38165b5b165b5b1a11,
R,99,1,1740,63.0,0,979714d35bc250ee7b3b3b3b3b3e2e28cb35092ed7f84e0df8e0d7972e2a0983355d3583092a2e97d7e0f80d4ef8d72e0935cb282e3e3b3b3b3b7bee50c25bd3,10543
R,99,2,2208,61.0,0,ad930b7d2c1c5b5bff987d55c92c3c9d391ad59d19bcba17bc8219d79dd7d5821a5d1a82d5d79dd71982bc17babc199dd51a399d3c2cc9557d98ff5b5b1c2c7d,10543
