fixed_id,fixed_label,bracket_position,inert_byte,fixed_hex,fixed_strip,source_event_id,source_regime,source_seed,source_discovery_epoch,partner_group,source_focal_slot,source_partner_slot,concat_order
1,N-derived_5_1,0,0,5dcfd9cff6cf8dcf47cf9acf1fcfcbcf55cf46cf34cfffcfe4cf19cf69cfb7cf98cf0ccf52cf22cf75cf16cfe2cf37cfcacfb5cf05cf2fcf20cfedcff9cf9357,],5_1,N,5,754,N-derived,35720,,partner+focal
2,N-derived_10_1,0,0,ea5df48c8d91465e3478cf61d198d6fac0da7beb9488fe0fc4822d9e9e31a3d86845c37356d84999ac6e849fd45a72ad4a9a266d5b78cfc9feb777ca5711218f,]{-[,10_1,N,10,20,N-derived,32711,,partner+focal
3,N-derived_10_2,0,0,5d33fefefefefefefefefefefefefefefefefefefefefefefefefefefefefefefefefefefefefefefefefefefefefefefefefefefefefefefefefefefefefe7d,]},10_2,N,10,1528,N-derived,68219,,partner+focal
4,N-derived_17_2,0,0,5d5f27b7b7b7b7b7b7b7b7b7b7b7b7b7b7b7b7b7b7b7b7b7b7b7b7b7b7b7b7b7b7b7b7b7b7b7b7b7b7b7b7b7b7b7b7b7b7b7b7b7b7b7b7b7b7b7b7b7b7b74989,],17_2,N,17,1049,N-derived,19575,,partner+focal
5,N-derived_18_1,0,0,2c5c5d7c1fb334ceabec12bdfdbf9191f3333ad3ef55251ed10a900988ea9138a05aa1b5c28aee720785080b00d03804354d382b6bd46fd3f87f9187f28f128f,",]0+",18_1,N,18,169,N-derived,3449,,partner+focal
6,N-derived_18_2,0,0,5d614a1d84aea5699fa74fc06920c5eb99ca169416a2168d16d716a7160c16fb1604161416371619161b166f16a016a216a816a01648168f16801646165268c4,],18_2,N,18,933,N-derived,114228,,partner+focal
7,N-derived_23_1,0,0,8810a24c5d6d7a9b89bc39c2a014946e982b30b3ce7e86d52079d423531192a46794c75f344532f5d4bc4fd030a5a7ed2fc5cba48fe3403e1a8ec5365d5a1fd2,]+>],23_1,N,23,145,N-derived,93835,,partner+focal
8,N-derived_23_2,0,0,5d86d14b4b620e0e0e8b41412d2d383838a5c6c6c6323131313131313131313131313131313131313131313131313131313131313131313131313131333351fb,]--,23_2,N,23,1491,N-derived,96691,,partner+focal
9,N-derived_26_1,0,0,5d3b3d28d0bb78c052ace6421d3178d9c0e4e3502ab6377e674cedecf1afb6d2b25e4144e5fa1bc802e8b279607c071e968c14544153c3e419addf9f3f11cc91,],26_1,N,26,255,N-derived,62647,,partner+focal
10,N-derived_28_2,0,0,fa371f705d380b90b3dc195c65cf86d932a0d64b45ec0542cbac9125967c8d8bbb7b311dec458a27bd0b08831cc73b11266c06a4e10857c9b3ea4edcc0787698,]{,28_2,N,28,935,N-derived,32040,,partner+focal
11,N-derived_30_1,0,0,5d4d6ec81ad647d0918b357e32cb9616590b4b079a60601b3a7cbeb90b72c211b0f6905c95152b9deb30140e0e9eb8a0813e666aadc2186d6501f47b772ae173,]+>{,30_1,N,30,433,N-derived,85819,,partner+focal
12,N-derived_30_2,0,0,5d5d464e24872b4f4511179ff48b6ff8608973acc51e7176cde1d6d58b7d1ebecd590de751d101b53aa91657e142b6a3f9aa66e0aa75121e2fef8bd56a0e540d,]]+},30_2,N,30,1517,N-derived,130322,,partner+focal
13,N-derived_32_1,0,0,5d5e8182838485868788898a8b8c8d8e8f909192939495969798999a9b9c9d9e9fa0a1a2a3a4a5a6a7a8a9aaabacadaeafb0b1b2b3b4b5b6b7b8b9babbbcbd94,],32_1,N,32,710,N-derived,4511,,partner+focal
14,N-derived_35_2,0,0,5dfef4fe7a45de4358cc945117806e539de5021c1c1c1c1c1c1c1c1c1c1c1c1c1c1c1c1c1c1c1c1c1c1c1c1c1c1c1c1c1c1c1c1c1c1c1c1c1c1c1c1c1c1683ac,],35_2,N,35,1602,N-derived,44306,,partner+focal
15,N-derived_45_1,0,0,35aa5d88ab888d885c88aa8895883e888c889988f488798868883688dd88f488a688fd88e988d38821883388dc88d688dd8869882988a9887b88fa88fb882a14,]>{,45_1,N,45,689,N-derived,75033,,partner+focal
16,N-derived_45_2,0,0,5d1970dd4f6cf7b9df4a3d235c94fa9e426ff4e702522a3056a00ff207ee91fb7429c9c876d859132b2a86f185805c5edb707c2c317234cabec62d187f8eb181,"]+,-",45_2,N,45,775,N-derived,86036,,partner+focal
17,N-derived_49_1,0,0,5d850d0e0e0e0e0e0e0e0e0e0e0e0e0e0e0e0e0e0e0e0e0e0e0e0e0e0e0e0e0e0e0e0e0e0e0e0e0e0e0e0e0e0e0e0e0e0e0e0e0e0e0e0e0e0e0e0e0e0e0e0ede,],49_1,N,49,1016,N-derived,70016,,partner+focal
18,N-derived_49_2,0,0,5c5d9e9c038e26f63fe471b3a14f21204ab43d965bdbe9361e45c8739d916b6ed967086383847eff260c2e2ee4da6165b8c7f06652738e6193f25e3d7547ce8c,][..,49_2,N,49,1500,N-derived,86474,,partner+focal
19,N-derived_63_1,0,0,5de990aec7c1de622f02dac33c43b1338a54119631ff1faab8e982cf5254221742e8d64fd5ec5cbe3bf012a502953c4a29f6f932db1972f6b833bd04da088b63,]<<,63_1,N,63,442,N-derived,62808,,partner+focal
20,N-derived_63_2,0,0,5d5d6bccd193635cb6d1b14638208e711550f36c1676d9cf9f6d35433138a6603aa12dce3e74154efbe073ced606271b1033ce34391784ebf6823d8ce66a60c4,]]->,63_2,N,63,613,N-derived,130440,,partner+focal
21,N-derived_71_1,0,0,eb5d229dc6bfb83ee8d4b88c316860347b9171f9a6859bfe9ba123584fbecf33600d2d6e47eeda122249c288d3308123130b2164d665601fbe81f8eeadad069b,]>{-,71_1,N,71,126,N-derived,64832,,partner+focal
22,N-derived_71_2,0,0,5d6d217a4288e7a804c322f6ba7c669f2baf81a5968d69e87334dc91029b412a7e5a576ea01e2dbfe4114385d84f3cdc8f8a8691831452b7b86f19ee50c8638c,]+-<,71_2,N,71,614,N-derived,59911,,partner+focal
23,N-derived_73_2,0,0,5d1157025dd9835a4ee8a6f7821a89414fa7135d8f80de7aad1c0d6b72edc0efd8d28d8230e202d662c5c68cb66578b2604b7e16a63b727862875bd2512f0bd1,]]][,73_2,N,73,437,N-derived,7861,,partner+focal
24,N-derived_79_1,0,0,5c5db3b3b3b3b3b3b3b3b3b3b3b3b3b3b3b3b3b3b3b3b3b3b3b3b3b3b3b3b3b3b3b3b3b3b3b3b3b3b3b3b3b3b3b3b3b3b3b3b3b3b3b3b3b3b3b3b3b3b3b32d7c,]-,79_1,N,79,555,N-derived,3966,,partner+focal
25,N-derived_79_2,0,0,5dd5c862a1639a740d5213330a4e206b2347d6a18285251de0d64081cc5f016deb37457a50d4ff3278f918daeb184b2b3a6a2767486e9f3bf07cb0656a812525,]+,79_2,N,79,965,N-derived,118724,,partner+focal
26,N-derived_80_1,0,0,5d5b5b5b5b5b5b5b5b5b5b5b5b5b5b5b5b5b5b5b5b5b5b5b5b5b5b5b5b5b5b5b5b5b5b5b5b5b5b5b5b5b5b5b5b5b5b5b5b5b5b5b5b5b5b5b5b5b5b5b5b5badcf,][[[[[[[[[[[[[[[[[[[[[[[[[[[[[[[[[[[[[[[[[[[[[[[[[[[[[[[[[[[[[,80_1,N,80,913,N-derived,78991,,partner+focal
27,N-derived_80_2,0,0,5d8f391839a8399939e73907394e3967390c39b939df393c39833912395039c53911393b396a39e939ac394d392d392639aa398c398a39cc398639c2395eb9b8,]<-,80_2,N,80,1595,N-derived,15937,,partner+focal
28,N-derived_83_2,0,0,5db48a85ace0ae9b5b12066a396bf440fe2f7fe6d9a10d6d61fe9e4a7ba316dc4878d162f998db1309ac825162e3dc0711fb707c74f9ba56a261de99ff152524,][{,83_2,N,83,1500,N-derived,80907,,partner+focal
29,N-derived_85_1,0,0,5dbf75f96cf00f88da8c1283e26aabcc8e57884d063092b9d4637e4e43b97986546b546020e81794b0c0e2afe9e2ac0ac14b8647b3d9b62a585ea1c5f005f7aa,],85_1,N,85,642,N-derived,79305,,partner+focal
30,N-derived_87_1,0,0,5e5d5f9a74ca768ec67950fa71c8dc4fdfc1840ac7f50139def2f54a673620848484848484848484848484848484848484848484848484848484848484853ea1,]>,87_1,N,87,772,N-derived,40318,,partner+focal
31,N-derived_87_2,0,0,5d5c5b5b5b5b5b5b5b5b5b5b5b5b5b5b5b5b5b5b5b5b5b5b5b5b5b5b5b5b5b5b5b5b5b5b5b5b5b5b5b5b5b5b5b5b5b5b5b5b5b5b5b5b5b5b5b5b5b5b5b5b5b5c,][[[[[[[[[[[[[[[[[[[[[[[[[[[[[[[[[[[[[[[[[[[[[[[[[[[[[[[[[[[[[,87_2,N,87,1486,N-derived,123115,,partner+focal
32,N-derived_91_1,0,0,595d40e47fe85d27282c6003a8a495319ed008a04e8ffa2fe5def5306731057a7b3b8248209f005c4393a85a0d56b6abf96c8ce79b45cf81c9acea097351033b,"]],{0",91_1,N,91,106,N-derived,59959,,partner+focal
33,N-derived_91_2,0,0,5d8a8a8a8a8a8a8a8a8a8a8a8a8a8a8a8a8a8a8a8a8a8a8a8a8a8a8a8a8a8a8a8a8a8a8a8a8a8a8a8a8a8a8a8a8a8a8a8a8a8a8a8a8a8a8a8a8a8a8a8a8a8ab6,],91_2,N,91,1207,N-derived,104100,,partner+focal
34,N-derived_99_1,0,0,5d6245b372c112182cb64dd5516701442ff075eb1b562b2b2b2b2b2b2b2b2b2b2b2b2b2b2b2b2b2b2b2b2b2b2b2b2b2b2b2b2b2b2b2b2b2b2b2b2b2b2b2b1497,"],++++++++++++++++++++++++++++++++++++++++",99_1,N,99,421,N-derived,11363,,partner+focal
35,N-derived_99_2,0,0,5d5e8248a5874942cdff68686868686868686868686868686868686868686868686868686868686868686868686868686868686868686868686868686868684e,],99_2,N,99,772,N-derived,120786,,partner+focal
36,R-derived_1_1,0,0,5d2b2c40da6940dfdf501edd1e14a09f34a5eca276873b650f997c2ea6d5853b4de39bca3b449b8575b1ca203e52a11b44f5ffa581a4db36908a8de9ea3d3a2a,"]+,.>",1_1,R,1,1777,R-derived,105741,49572,partner+focal
37,R-derived_1_2,0,0,155d507fd65b5b4631cd5bfac660d616bee461ad5b1dadba5b5b1762e35bf8d64992354dbc5e975b5d27995b5a07ab2c5b6cab905e3582e287a724ababab5c5c,"][[[[[[[[][,[",1_2,R,1,1791,R-derived,56986,48241,partner+focal
38,R-derived_6_1,0,0,689d685d688668f06872682b687b68c6680368b6681f68ca685c681968fc682068a668aa68c268cd682c68d068cf687368c2681e689c685b2f979700303db0b0,"]+{,[0",6_1,R,6,2102,R-derived,122611,15983,partner+focal
39,R-derived_9_1,0,0,5dabffd968d369f2106a9eb09c3a8ba697979797369797979797979797979797979797979797979797979797971f209797978c978c8c97971e97977bf92c393c,"]{,<",9_1,R,9,1686,R-derived,81533,71997,partner+focal
40,R-derived_10_1,0,0,5db4f60eb4063b9755cc8e901d10aaa3018c220c63755a3d5281bad6605c1d866d60b04dd8442d0735bd0bd4c34c583bbc520c0c7b8082890ce9b77e3fe839b7,]-{,10_1,R,10,1043,R-derived,98661,84733,partner+focal
41,R-derived_10_2,0,0,5d2103522d2d2dfcf32d59fb2d2d2df9cf2d2d2d2d2d2d012d2d2d212d2b2d2d2d2d2d2d2d2d2d2d2d2d2d2d2d2df42d33bbea3a2d3aea9dea5abf31922c0992,"]-----------------+------------------,",10_2,R,10,2594,R-derived,110923,120120,partner+focal
42,R-derived_15_1,0,0,5d4f0cdaad70df77572ba5e1c1b910367a8052a70bba39415f684b020dc7fd4b52cc0ecabf8ea232f5c56746d43de2e7f9846c65f5f246b98ee3669d3c3c014b,]+<<,15_1,R,15,1650,R-derived,69594,37861,partner+focal
43,R-derived_15_2,0,0,105d5d105d5d105d5d105d5d105d5d105d5d105d5d105d5d105d5d105d5d105d5d105d5d105d5d105d5d105d5d10905d909696b456730c5673a1b43a28282828,]]]]]]]]]]]]]]]]]]]]]]]]]]]]]]],15_2,R,15,2511,R-derived,128508,29103,partner+focal
44,R-derived_21_2,0,0,5d8f65eca796aa4eea410019af62482d22ea8c2094da624f174d802cfad35b43fff0e779b2be5b012815d50eeeaae0689926a985a03827d77adb28b96db7fc5a,"]0-,[[",21_2,R,21,398,R-derived,2038,102769,partner+focal
45,R-derived_37_1,0,0,268c5d26f14d3b5b904717bc43bacc131f3133a33a333a73d36ba3d56bd35b5c5bef3091ea6b1e686b9f7d6bc8be37f8507ac3f56bef7b6b3437ff3c42a7d96e,][[[}{<,37_1,R,37,2683,R-derived,61709,3206,partner+focal
46,R-derived_37_2,0,0,5d75ea923d3d913b78d33d3d4d80fa203d3d80610fa13d3d5a2e2bb63d3d177df8963d3d0c532f933d3d549333e23d3d976738d93d3d3c1d3c033d3d0a3c9dd1,].+}<<<,37_2,R,37,2769,R-derived,125319,90171,partner+focal
47,R-derived_49_1,0,0,618c5d01f4592ea68e97a1ab8fb0d9ad779042de5444f82da9e8f3aff01b99f47a1274ff54670dcb4ea473cb7c2b15c0c111899b61fed38326e32d5e5bff093b,].-+-[,49_1,R,49,467,R-derived,53653,23902,partner+focal
48,R-derived_56_1,0,0,265daa26815a51d38a26515a268a40266a7b3f812826673c269b3f262626a6585126aa81518a5126406a3f2867263f26a651aa5151403f673f504d5050bc5e50,]{<,56_1,R,56,3025,R-derived,127620,106998,partner+focal
49,R-derived_56_2,0,0,5d285b5b5b3c3b5b5b5b3b3c5b5b5b963b5b5b5b3c755b5b5b753c5b5b5b3c755b5b5b753c5b5b5b3c755b5b5b75975b5b5b3df0f05b5b292176a43c2c7f2b7b,"][[[<[[[<[[[[[[<[[[<[[[<[[[<[[[<[[[[[[[[<,+{",56_2,R,56,3067,R-derived,24685,72460,partner+focal
50,R-derived_57_1,0,0,5df818dc3512f2ea3c3d3dd94b3d3d493d3d2c3d3d3c3d3d3d3d3d023d3c3d3d3d3a3d3d3d3d3d3d3d3d3d3d3d3d3d3d3d3d3d3d3d3d3d3d3a9f544954d849ba,"]<,<<",57_1,R,57,1858,R-derived,46692,89902,partner+focal
51,R-derived_57_2,0,0,5d13fefefefefefefefefefefefefefefefefefefefefefefefefefefefefefefefefefefefefefefefefefefefefefefed6feffd6fe57b719b28dd9d68d3d3d,],57_2,R,57,2391,R-derived,3746,92120,partner+focal
52,R-derived_58_1,0,0,5d5c414146c72c50e71c38d3122b693c3040a63f40943d8c0ea6d4561bbc340c38d03e809ccc3d9bdc9611f2c97a26bcc896e3633cdfdc3e72503f3cdc3c3c00,"],+<><><<<0",58_1,R,58,1934,R-derived,21701,121738,partner+focal
53,R-derived_58_2,0,0,5d2c76103cb22525252525b12c2c2576257525256275252425253a25252525252525252525910733fd813e284dc4645c4141265b2ca848302c8d3d3d97153c2c,"],<,,>[,,<,",58_2,R,58,2155,R-derived,82390,79422,partner+focal
54,R-derived_60_1,0,0,5d2c2c2d2c2d2c2d2c2d2c2d2c2d2c2d2c2d2c2d2c2d2c2d2c2d2c2d2c2d2c2d2c2d2c2d2c2d2c2d2c2d2c2d2c2d2c2db32d2c2d2c2d2c2d2c81bf3b3b573c3c,"],,-,-,-,-,-,-,-,-,-,-,-,-,-,-,-,-,-,-,-,-,-,-,--,-,-,-,<<",60_1,R,60,2078,R-derived,112590,46932,partner+focal
55,R-derived_60_2,0,0,5da874375c1b2c3767c4cdf2318ae95b9a2ec46337e433b1684a01c64abd58e2bd3c53efd8a9d33e4107f076c5b7f02b1b363d09093c3c3d3d09db5cdb9d3cdb,"],[.<>+<<<",60_2,R,60,2249,R-derived,120865,44523,partner+focal
56,R-derived_61_1,0,0,5da8d8a7499c461cc7d03a3dcb6a6e7525fcf0b8213350a79f12aed7516d9f1a989b2f2d3ba0059d129b47ed53cf927f2fd07f9927a236ac52a36379a93a3c3c,]-<<,61_1,R,61,425,R-derived,11837,39999,partner+focal
57,R-derived_61_2,0,0,5dfefef20aa0a826ba68ad474db01130c012453c5ebbe007daf1260cfc7d3845358da82c142c515bff39ee268006c21e23a304f026a3441ed1066b2657f16af6,"]<},,[",61_2,R,61,649,R-derived,32343,115783,partner+focal
58,R-derived_64_1,0,0,5d5cb052e94d62a1a0be1d6d1bb2359dcef97928fc919cb458d805741b09bba987a3a297e71ca06ff2267183720417ca8636acd0efdeb66ffa87d92e6a003b3b,].0,64_1,R,64,695,R-derived,54058,79994,partner+focal
59,R-derived_64_2,0,0,5d5e5b5b5b5b5b5b5b5b5b5b5b5b5b5b5b5b5b5b5b5b5b5b5b5b5b5b5b5b5b5b5b5b5b5b5b5b5b5b5b5b5b5b5b5b5b5b5b5b5b5b5b5b5b5b5b5bf95b2c0001c1,"][[[[[[[[[[[[[[[[[[[[[[[[[[[[[[[[[[[[[[[[[[[[[[[[[[[[[[[[[,0",64_2,R,64,1390,R-derived,129762,109058,partner+focal
60,R-derived_66_1,0,0,5d5dcdf6e780e8c7904339aae63ce48f5c7aba7f6989f2e93c2e22c873a1d586f6fd5744ecd76bb0835c2129e92b777d337577413ba377e9c456403c3c60e535,]]<<.+}<<,66_1,R,66,1935,R-derived,42210,64313,partner+focal
61,R-derived_69_1,0,0,5d5d5d5d5dea3e1cd5cf4dcd9bd274c0d73b0a79de272718de81793b0ad23be5d702c05974cdd2e79b9fcde34d0ccf74d5111cb73eca96ea3e792735273c3c3c,]]]]]>>><<<,69_1,R,69,1954,R-derived,6495,43249,partner+focal
62,R-derived_69_2,0,0,f25c54530a4bfef35dfe1a838d93d1a7c1bc8426544711192e873f5cd9d27a9ce79f924a91e93d8a42ac24a2e10111d00b7b2929c59709d0e808293cdc2c2e2f,"].{<,.",69_2,R,69,1982,R-derived,21140,114455,partner+focal
63,R-derived_70_2,0,0,5d5b141843039486aa888801e6f891685885433d0e17859fb23b99d6096b883dc35b1803868801f868853d4c9f3bd66b3d4cb3e5e585173b6b612c8e2c5a3a3a,"][[,,",70_2,R,70,2152,R-derived,113909,93749,partner+focal
64,R-derived_74_2,0,0,5d5d0c4d8a3cb3b3a6a6a6b3a6a6b3c9dd4de141ef1baeeeb2a31185e6aab45364a9e3bb86811effc42c57091620cc7d82cab0c3655165bcfdb56edb3c323c3b,"]]<,}<<",74_2,R,74,1914,R-derived,24472,80383,partner+focal
65,R-derived_76_1,0,0,5d5ddc1f9ff3a012c59dbad7628257619e3007b09aa0f9bb78ee2dc4ebc5800ef675f1a301b39cff8a3e4e509db3fc36bd44fd19eefcd415d486c53a3b3dfb81,]]->,76_1,R,76,1313,R-derived,18515,15872,partner+focal
66,R-derived_76_2,0,0,5d40ff41b040e9411640384143408541ca40444126407341ba4065416f40a3419f405b41fb407842a84042413c4047413c8d3c3d7e7f7e4145517e887e7e7e7e,][<<<,76_2,R,76,2759,R-derived,50572,89848,partner+focal
67,R-derived_90_1,0,0,5d22602d68383f8b86a247a1213f47f63f223990e4ef27d38827a43e3e92dde4b6094643bbd7caaac23877dcdb96e6299fc814c926064e917b6c3445913c913c,]->>{<<,90_1,R,90,1907,R-derived,116640,111861,partner+focal
68,R-derived_94_1,0,0,5d5dcc3232493c2e7da4e271251b2ecba29746893d886fef24673c1d87131b9137f12cd6a8b6ecce1339a412fdc5cbb477b7109b2a7214349f3c4d3c3c3c383c,"]]<.}.<,<<<<<",94_1,R,94,1804,R-derived,57239,2938,partner+focal
69,R-derived_99_1,0,0,5d9d3535833d09322a342e439797d735e0c1f8550d4e2bd1d8ff0ec06ff1a6484565171261a9a3cab78854db410bc2ab080c0b6c0c14290c450c2c3aedb8b8ed,"].+,",99_1,R,99,1740,R-derived,3170,19393,partner+focal
70,R-derived_99_2,0,0,5d601ad6823bd53ad79d9d61d754198282d6bcba17d65b3ca73ad75a5a3ad73b53aeaed6f0ba37d63dbb4a3bd78d8d3a3c3ac08484d6c1c13cd63dc16d10c110,][<<<,99_2,R,99,2208,R-derived,102941,89034,partner+focal
